/*
Navicat MySQL Data Transfer

Source Server         : moyan
Source Server Version : 50612
Source Host           : localhost:3306
Source Database       : data_1

Target Server Type    : MYSQL
Target Server Version : 50612
File Encoding         : 65001

Date: 2024-07-24 15:48:08
*/

SET FOREIGN_KEY_CHECKS=0;

-- ----------------------------
-- Table structure for `chatmessage`
-- ----------------------------
DROP TABLE IF EXISTS `chatmessage`;
CREATE TABLE `chatmessage` (
  `id` int(4) NOT NULL AUTO_INCREMENT,
  `userName` varchar(50) DEFAULT NULL,
  `likes` int(4) DEFAULT NULL,
  `message` text,
  `map_num` int(4) DEFAULT NULL,
  PRIMARY KEY (`id`)
) ENGINE=InnoDB AUTO_INCREMENT=37 DEFAULT CHARSET=utf8;

-- ----------------------------
-- Records of chatmessage
-- ----------------------------
INSERT INTO `chatmessage` VALUES ('1', '王高鹏', '8', '实名举报王军兵', '1');
INSERT INTO `chatmessage` VALUES ('2', '王高鹏', '0', '服了，这数据库，延迟这么高', '1');
INSERT INTO `chatmessage` VALUES ('3', '王高鹏', '0', 'sb王建飞无\n', '5');
INSERT INTO `chatmessage` VALUES ('4', '王高鹏', '1', 'sb王建飞无\n', '5');
INSERT INTO `chatmessage` VALUES ('5', '王高鹏', '2', 'sb王建飞无\n', '5');
INSERT INTO `chatmessage` VALUES ('6', '王高鹏', '2', 'sb王建飞无\n', '5');
INSERT INTO `chatmessage` VALUES ('7', '王高鹏', '1', 'sb王建飞无\n', '5');
INSERT INTO `chatmessage` VALUES ('8', '王高鹏', '1', 'sb王建飞无\n', '5');
INSERT INTO `chatmessage` VALUES ('9', '王高鹏', '1', '不可以看答案开挂', '1');
INSERT INTO `chatmessage` VALUES ('10', '王军兵', '1', '我王军兵没有开挂', '1');
INSERT INTO `chatmessage` VALUES ('11', '王军兵', '0', '再说一遍，我王军兵没有开挂', '1');
INSERT INTO `chatmessage` VALUES ('12', '王军兵', '7', '第一关怎么过', '1');
INSERT INTO `chatmessage` VALUES ('13', '徐鑫瑶', '1', '你肯定该挂了\n', '1');
INSERT INTO `chatmessage` VALUES ('15', '王军兵', '3', '跪求第一关', '1');
INSERT INTO `chatmessage` VALUES ('16', '王军兵', '8', '机器人', '1');
INSERT INTO `chatmessage` VALUES ('17', '王高鹏', '1', '等下发答案', '1');
INSERT INTO `chatmessage` VALUES ('19', '王高鹏', '1', '王军兵人机', '1');
INSERT INTO `chatmessage` VALUES ('20', '王高鹏', '0', '喷不起，下一家', '2');
INSERT INTO `chatmessage` VALUES ('21', '第二个王俊彬', '7', '我才是王军兵', '1');
INSERT INTO `chatmessage` VALUES ('22', '第二个王俊彬', '0', '左上上右右上上下左左 下下下右右上上下下右 右上左下左左左上上右\n右上右下左左左下下右 右上上右上左下下下右 上上左左上上\n', '10');
INSERT INTO `chatmessage` VALUES ('23', '第二个王俊彬', '0', '', '10');
INSERT INTO `chatmessage` VALUES ('24', '王高鹏', '0', '霸占空屏', '3');
INSERT INTO `chatmessage` VALUES ('25', '第二个王俊彬', '0', '下右左上上右下右右上 左右上右右下左左下下 下右右上左上左上上右\n右下左下左左左左下下 右上左上右右左左上上 右下左下右\n我确实开挂了', '11');
INSERT INTO `chatmessage` VALUES ('26', '第二个王俊彬', '0', '左左上上左上上右左下 下右上左上上上右右下 左上左下下下上上右右\n右右右下下左左左左左 左右右下左左右右下下 右右上上右上左左左左\n上上右右下左上左下下 右下左右下下右右右上 上左上左左上左下上上\n右右右右右下下左左左 左\n', '12');
INSERT INTO `chatmessage` VALUES ('27', '王高鹏 ', '0', '我其实也是挂', '2');
INSERT INTO `chatmessage` VALUES ('28', '王高鹏 ', '0', '没想到吧', '2');
INSERT INTO `chatmessage` VALUES ('29', '王高鹏 ', '0', '猜猜我是谁', '4');
INSERT INTO `chatmessage` VALUES ('30', '王高鹏 ', '0', '我不干了，我要玩原神', '6');
INSERT INTO `chatmessage` VALUES ('31', '第二个王俊彬', '1', '这什么破网，我都连不进去\n', '1');
INSERT INTO `chatmessage` VALUES ('32', '第二个王俊彬', '0', '空屏是我的了\n', '7');
INSERT INTO `chatmessage` VALUES ('33', '王高鹏', '0', '测试消息', '1');
INSERT INTO `chatmessage` VALUES ('34', '王高鹏', '2', '测试消息', '1');
INSERT INTO `chatmessage` VALUES ('35', '王高鹏', '0', '12233\n', '1');
INSERT INTO `chatmessage` VALUES ('36', '王高鹏', '0', '1222', '1');

-- ----------------------------
-- Table structure for `level`
-- ----------------------------
DROP TABLE IF EXISTS `level`;
CREATE TABLE `level` (
  `num` int(11) NOT NULL AUTO_INCREMENT,
  `map_id` int(11) NOT NULL,
  `state` int(11) NOT NULL,
  `level_name` varchar(50) NOT NULL,
  PRIMARY KEY (`num`)
) ENGINE=InnoDB AUTO_INCREMENT=26 DEFAULT CHARSET=utf8;

-- ----------------------------
-- Records of level
-- ----------------------------
INSERT INTO `level` VALUES ('1', '1', '0', 'kind1');
INSERT INTO `level` VALUES ('2', '2', '0', 'kind1');
INSERT INTO `level` VALUES ('3', '3', '0', 'kind1');
INSERT INTO `level` VALUES ('4', '4', '0', 'kind1');
INSERT INTO `level` VALUES ('5', '5', '0', 'kind1');
INSERT INTO `level` VALUES ('6', '6', '0', 'kind1');
INSERT INTO `level` VALUES ('7', '7', '0', 'kind1');
INSERT INTO `level` VALUES ('8', '8', '0', 'kind1');
INSERT INTO `level` VALUES ('9', '9', '0', 'kind1');
INSERT INTO `level` VALUES ('10', '10', '0', 'kind1');
INSERT INTO `level` VALUES ('11', '11', '0', 'kind1');
INSERT INTO `level` VALUES ('12', '12', '0', 'kind1');
INSERT INTO `level` VALUES ('13', '13', '0', 'kind1');
INSERT INTO `level` VALUES ('14', '14', '0', 'kind1');
INSERT INTO `level` VALUES ('15', '15', '0', 'kind1');
INSERT INTO `level` VALUES ('16', '16', '0', 'kind1');
INSERT INTO `level` VALUES ('17', '17', '0', 'kind1');
INSERT INTO `level` VALUES ('18', '18', '0', 'kind1');
INSERT INTO `level` VALUES ('19', '19', '0', 'kind3');
INSERT INTO `level` VALUES ('20', '20', '0', 'kind3');
INSERT INTO `level` VALUES ('21', '21', '0', 'kind3');
INSERT INTO `level` VALUES ('22', '22', '0', 'kind3');
INSERT INTO `level` VALUES ('23', '23', '0', 'kind3');
INSERT INTO `level` VALUES ('24', '24', '0', 'kind3');
INSERT INTO `level` VALUES ('25', '25', '0', 'kind3');

-- ----------------------------
-- Table structure for `map_data`
-- ----------------------------
DROP TABLE IF EXISTS `map_data`;
CREATE TABLE `map_data` (
  `id` int(11) NOT NULL AUTO_INCREMENT,
  `map_id` int(11) NOT NULL,
  `row_index` int(11) NOT NULL,
  `col_index` int(11) NOT NULL,
  `value` int(11) NOT NULL,
  PRIMARY KEY (`id`)
) ENGINE=InnoDB AUTO_INCREMENT=2501 DEFAULT CHARSET=utf8;

-- ----------------------------
-- Records of map_data
-- ----------------------------
INSERT INTO `map_data` VALUES ('1', '1', '0', '0', '0');
INSERT INTO `map_data` VALUES ('2', '1', '0', '1', '0');
INSERT INTO `map_data` VALUES ('3', '1', '0', '2', '0');
INSERT INTO `map_data` VALUES ('4', '1', '0', '3', '0');
INSERT INTO `map_data` VALUES ('5', '1', '0', '4', '0');
INSERT INTO `map_data` VALUES ('6', '1', '0', '5', '0');
INSERT INTO `map_data` VALUES ('7', '1', '0', '6', '0');
INSERT INTO `map_data` VALUES ('8', '1', '0', '7', '0');
INSERT INTO `map_data` VALUES ('9', '1', '0', '8', '0');
INSERT INTO `map_data` VALUES ('10', '1', '0', '9', '0');
INSERT INTO `map_data` VALUES ('11', '1', '1', '0', '0');
INSERT INTO `map_data` VALUES ('12', '1', '1', '1', '0');
INSERT INTO `map_data` VALUES ('13', '1', '1', '2', '1');
INSERT INTO `map_data` VALUES ('14', '1', '1', '3', '1');
INSERT INTO `map_data` VALUES ('15', '1', '1', '4', '1');
INSERT INTO `map_data` VALUES ('16', '1', '1', '5', '1');
INSERT INTO `map_data` VALUES ('17', '1', '1', '6', '1');
INSERT INTO `map_data` VALUES ('18', '1', '1', '7', '1');
INSERT INTO `map_data` VALUES ('19', '1', '1', '8', '0');
INSERT INTO `map_data` VALUES ('20', '1', '1', '9', '0');
INSERT INTO `map_data` VALUES ('21', '1', '2', '0', '0');
INSERT INTO `map_data` VALUES ('22', '1', '2', '1', '0');
INSERT INTO `map_data` VALUES ('23', '1', '2', '2', '1');
INSERT INTO `map_data` VALUES ('24', '1', '2', '3', '0');
INSERT INTO `map_data` VALUES ('25', '1', '2', '4', '0');
INSERT INTO `map_data` VALUES ('26', '1', '2', '5', '0');
INSERT INTO `map_data` VALUES ('27', '1', '2', '6', '0');
INSERT INTO `map_data` VALUES ('28', '1', '2', '7', '1');
INSERT INTO `map_data` VALUES ('29', '1', '2', '8', '0');
INSERT INTO `map_data` VALUES ('30', '1', '2', '9', '0');
INSERT INTO `map_data` VALUES ('31', '1', '3', '0', '0');
INSERT INTO `map_data` VALUES ('32', '1', '3', '1', '0');
INSERT INTO `map_data` VALUES ('33', '1', '3', '2', '1');
INSERT INTO `map_data` VALUES ('34', '1', '3', '3', '3');
INSERT INTO `map_data` VALUES ('35', '1', '3', '4', '1');
INSERT INTO `map_data` VALUES ('36', '1', '3', '5', '1');
INSERT INTO `map_data` VALUES ('37', '1', '3', '6', '4');
INSERT INTO `map_data` VALUES ('38', '1', '3', '7', '1');
INSERT INTO `map_data` VALUES ('39', '1', '3', '8', '0');
INSERT INTO `map_data` VALUES ('40', '1', '3', '9', '0');
INSERT INTO `map_data` VALUES ('41', '1', '4', '0', '0');
INSERT INTO `map_data` VALUES ('42', '1', '4', '1', '1');
INSERT INTO `map_data` VALUES ('43', '1', '4', '2', '1');
INSERT INTO `map_data` VALUES ('44', '1', '4', '3', '0');
INSERT INTO `map_data` VALUES ('45', '1', '4', '4', '1');
INSERT INTO `map_data` VALUES ('46', '1', '4', '5', '1');
INSERT INTO `map_data` VALUES ('47', '1', '4', '6', '4');
INSERT INTO `map_data` VALUES ('48', '1', '4', '7', '1');
INSERT INTO `map_data` VALUES ('49', '1', '4', '8', '1');
INSERT INTO `map_data` VALUES ('50', '1', '4', '9', '0');
INSERT INTO `map_data` VALUES ('51', '1', '5', '0', '0');
INSERT INTO `map_data` VALUES ('52', '1', '5', '1', '1');
INSERT INTO `map_data` VALUES ('53', '1', '5', '2', '0');
INSERT INTO `map_data` VALUES ('54', '1', '5', '3', '0');
INSERT INTO `map_data` VALUES ('55', '1', '5', '4', '2');
INSERT INTO `map_data` VALUES ('56', '1', '5', '5', '3');
INSERT INTO `map_data` VALUES ('57', '1', '5', '6', '4');
INSERT INTO `map_data` VALUES ('58', '1', '5', '7', '0');
INSERT INTO `map_data` VALUES ('59', '1', '5', '8', '1');
INSERT INTO `map_data` VALUES ('60', '1', '5', '9', '0');
INSERT INTO `map_data` VALUES ('61', '1', '6', '0', '0');
INSERT INTO `map_data` VALUES ('62', '1', '6', '1', '1');
INSERT INTO `map_data` VALUES ('63', '1', '6', '2', '0');
INSERT INTO `map_data` VALUES ('64', '1', '6', '3', '3');
INSERT INTO `map_data` VALUES ('65', '1', '6', '4', '0');
INSERT INTO `map_data` VALUES ('66', '1', '6', '5', '0');
INSERT INTO `map_data` VALUES ('67', '1', '6', '6', '0');
INSERT INTO `map_data` VALUES ('68', '1', '6', '7', '0');
INSERT INTO `map_data` VALUES ('69', '1', '6', '8', '1');
INSERT INTO `map_data` VALUES ('70', '1', '6', '9', '0');
INSERT INTO `map_data` VALUES ('71', '1', '7', '0', '0');
INSERT INTO `map_data` VALUES ('72', '1', '7', '1', '1');
INSERT INTO `map_data` VALUES ('73', '1', '7', '2', '1');
INSERT INTO `map_data` VALUES ('74', '1', '7', '3', '1');
INSERT INTO `map_data` VALUES ('75', '1', '7', '4', '0');
INSERT INTO `map_data` VALUES ('76', '1', '7', '5', '0');
INSERT INTO `map_data` VALUES ('77', '1', '7', '6', '1');
INSERT INTO `map_data` VALUES ('78', '1', '7', '7', '1');
INSERT INTO `map_data` VALUES ('79', '1', '7', '8', '1');
INSERT INTO `map_data` VALUES ('80', '1', '7', '9', '0');
INSERT INTO `map_data` VALUES ('81', '1', '8', '0', '0');
INSERT INTO `map_data` VALUES ('82', '1', '8', '1', '0');
INSERT INTO `map_data` VALUES ('83', '1', '8', '2', '0');
INSERT INTO `map_data` VALUES ('84', '1', '8', '3', '1');
INSERT INTO `map_data` VALUES ('85', '1', '8', '4', '1');
INSERT INTO `map_data` VALUES ('86', '1', '8', '5', '1');
INSERT INTO `map_data` VALUES ('87', '1', '8', '6', '1');
INSERT INTO `map_data` VALUES ('88', '1', '8', '7', '0');
INSERT INTO `map_data` VALUES ('89', '1', '8', '8', '0');
INSERT INTO `map_data` VALUES ('90', '1', '8', '9', '0');
INSERT INTO `map_data` VALUES ('91', '1', '9', '0', '0');
INSERT INTO `map_data` VALUES ('92', '1', '9', '1', '0');
INSERT INTO `map_data` VALUES ('93', '1', '9', '2', '0');
INSERT INTO `map_data` VALUES ('94', '1', '9', '3', '0');
INSERT INTO `map_data` VALUES ('95', '1', '9', '4', '0');
INSERT INTO `map_data` VALUES ('96', '1', '9', '5', '0');
INSERT INTO `map_data` VALUES ('97', '1', '9', '6', '0');
INSERT INTO `map_data` VALUES ('98', '1', '9', '7', '0');
INSERT INTO `map_data` VALUES ('99', '1', '9', '8', '0');
INSERT INTO `map_data` VALUES ('100', '1', '9', '9', '0');
INSERT INTO `map_data` VALUES ('101', '2', '0', '0', '0');
INSERT INTO `map_data` VALUES ('102', '2', '0', '1', '0');
INSERT INTO `map_data` VALUES ('103', '2', '0', '2', '0');
INSERT INTO `map_data` VALUES ('104', '2', '0', '3', '0');
INSERT INTO `map_data` VALUES ('105', '2', '0', '4', '0');
INSERT INTO `map_data` VALUES ('106', '2', '0', '5', '0');
INSERT INTO `map_data` VALUES ('107', '2', '0', '6', '0');
INSERT INTO `map_data` VALUES ('108', '2', '0', '7', '0');
INSERT INTO `map_data` VALUES ('109', '2', '0', '8', '0');
INSERT INTO `map_data` VALUES ('110', '2', '0', '9', '0');
INSERT INTO `map_data` VALUES ('111', '2', '1', '0', '0');
INSERT INTO `map_data` VALUES ('112', '2', '1', '1', '0');
INSERT INTO `map_data` VALUES ('113', '2', '1', '2', '1');
INSERT INTO `map_data` VALUES ('114', '2', '1', '3', '1');
INSERT INTO `map_data` VALUES ('115', '2', '1', '4', '1');
INSERT INTO `map_data` VALUES ('116', '2', '1', '5', '1');
INSERT INTO `map_data` VALUES ('117', '2', '1', '6', '0');
INSERT INTO `map_data` VALUES ('118', '2', '1', '7', '0');
INSERT INTO `map_data` VALUES ('119', '2', '1', '8', '0');
INSERT INTO `map_data` VALUES ('120', '2', '1', '9', '0');
INSERT INTO `map_data` VALUES ('121', '2', '2', '0', '0');
INSERT INTO `map_data` VALUES ('122', '2', '2', '1', '0');
INSERT INTO `map_data` VALUES ('123', '2', '2', '2', '1');
INSERT INTO `map_data` VALUES ('124', '2', '2', '3', '0');
INSERT INTO `map_data` VALUES ('125', '2', '2', '4', '0');
INSERT INTO `map_data` VALUES ('126', '2', '2', '5', '1');
INSERT INTO `map_data` VALUES ('127', '2', '2', '6', '1');
INSERT INTO `map_data` VALUES ('128', '2', '2', '7', '1');
INSERT INTO `map_data` VALUES ('129', '2', '2', '8', '0');
INSERT INTO `map_data` VALUES ('130', '2', '2', '9', '0');
INSERT INTO `map_data` VALUES ('131', '2', '3', '0', '0');
INSERT INTO `map_data` VALUES ('132', '2', '3', '1', '0');
INSERT INTO `map_data` VALUES ('133', '2', '3', '2', '1');
INSERT INTO `map_data` VALUES ('134', '2', '3', '3', '3');
INSERT INTO `map_data` VALUES ('135', '2', '3', '4', '0');
INSERT INTO `map_data` VALUES ('136', '2', '3', '5', '0');
INSERT INTO `map_data` VALUES ('137', '2', '3', '6', '0');
INSERT INTO `map_data` VALUES ('138', '2', '3', '7', '1');
INSERT INTO `map_data` VALUES ('139', '2', '3', '8', '0');
INSERT INTO `map_data` VALUES ('140', '2', '3', '9', '0');
INSERT INTO `map_data` VALUES ('141', '2', '4', '0', '0');
INSERT INTO `map_data` VALUES ('142', '2', '4', '1', '0');
INSERT INTO `map_data` VALUES ('143', '2', '4', '2', '1');
INSERT INTO `map_data` VALUES ('144', '2', '4', '3', '2');
INSERT INTO `map_data` VALUES ('145', '2', '4', '4', '3');
INSERT INTO `map_data` VALUES ('146', '2', '4', '5', '4');
INSERT INTO `map_data` VALUES ('147', '2', '4', '6', '0');
INSERT INTO `map_data` VALUES ('148', '2', '4', '7', '1');
INSERT INTO `map_data` VALUES ('149', '2', '4', '8', '0');
INSERT INTO `map_data` VALUES ('150', '2', '4', '9', '0');
INSERT INTO `map_data` VALUES ('151', '2', '5', '0', '0');
INSERT INTO `map_data` VALUES ('152', '2', '5', '1', '1');
INSERT INTO `map_data` VALUES ('153', '2', '5', '2', '1');
INSERT INTO `map_data` VALUES ('154', '2', '5', '3', '3');
INSERT INTO `map_data` VALUES ('155', '2', '5', '4', '1');
INSERT INTO `map_data` VALUES ('156', '2', '5', '5', '4');
INSERT INTO `map_data` VALUES ('157', '2', '5', '6', '1');
INSERT INTO `map_data` VALUES ('158', '2', '5', '7', '1');
INSERT INTO `map_data` VALUES ('159', '2', '5', '8', '0');
INSERT INTO `map_data` VALUES ('160', '2', '5', '9', '0');
INSERT INTO `map_data` VALUES ('161', '2', '6', '0', '0');
INSERT INTO `map_data` VALUES ('162', '2', '6', '1', '1');
INSERT INTO `map_data` VALUES ('163', '2', '6', '2', '0');
INSERT INTO `map_data` VALUES ('164', '2', '6', '3', '0');
INSERT INTO `map_data` VALUES ('165', '2', '6', '4', '0');
INSERT INTO `map_data` VALUES ('166', '2', '6', '5', '4');
INSERT INTO `map_data` VALUES ('167', '2', '6', '6', '1');
INSERT INTO `map_data` VALUES ('168', '2', '6', '7', '0');
INSERT INTO `map_data` VALUES ('169', '2', '6', '8', '0');
INSERT INTO `map_data` VALUES ('170', '2', '6', '9', '0');
INSERT INTO `map_data` VALUES ('171', '2', '7', '0', '0');
INSERT INTO `map_data` VALUES ('172', '2', '7', '1', '1');
INSERT INTO `map_data` VALUES ('173', '2', '7', '2', '0');
INSERT INTO `map_data` VALUES ('174', '2', '7', '3', '0');
INSERT INTO `map_data` VALUES ('175', '2', '7', '4', '0');
INSERT INTO `map_data` VALUES ('176', '2', '7', '5', '0');
INSERT INTO `map_data` VALUES ('177', '2', '7', '6', '1');
INSERT INTO `map_data` VALUES ('178', '2', '7', '7', '0');
INSERT INTO `map_data` VALUES ('179', '2', '7', '8', '0');
INSERT INTO `map_data` VALUES ('180', '2', '7', '9', '0');
INSERT INTO `map_data` VALUES ('181', '2', '8', '0', '0');
INSERT INTO `map_data` VALUES ('182', '2', '8', '1', '1');
INSERT INTO `map_data` VALUES ('183', '2', '8', '2', '1');
INSERT INTO `map_data` VALUES ('184', '2', '8', '3', '1');
INSERT INTO `map_data` VALUES ('185', '2', '8', '4', '1');
INSERT INTO `map_data` VALUES ('186', '2', '8', '5', '1');
INSERT INTO `map_data` VALUES ('187', '2', '8', '6', '1');
INSERT INTO `map_data` VALUES ('188', '2', '8', '7', '0');
INSERT INTO `map_data` VALUES ('189', '2', '8', '8', '0');
INSERT INTO `map_data` VALUES ('190', '2', '8', '9', '0');
INSERT INTO `map_data` VALUES ('191', '2', '9', '0', '0');
INSERT INTO `map_data` VALUES ('192', '2', '9', '1', '0');
INSERT INTO `map_data` VALUES ('193', '2', '9', '2', '0');
INSERT INTO `map_data` VALUES ('194', '2', '9', '3', '0');
INSERT INTO `map_data` VALUES ('195', '2', '9', '4', '0');
INSERT INTO `map_data` VALUES ('196', '2', '9', '5', '0');
INSERT INTO `map_data` VALUES ('197', '2', '9', '6', '0');
INSERT INTO `map_data` VALUES ('198', '2', '9', '7', '0');
INSERT INTO `map_data` VALUES ('199', '2', '9', '8', '0');
INSERT INTO `map_data` VALUES ('200', '2', '9', '9', '0');
INSERT INTO `map_data` VALUES ('201', '3', '0', '0', '0');
INSERT INTO `map_data` VALUES ('202', '3', '0', '1', '0');
INSERT INTO `map_data` VALUES ('203', '3', '0', '2', '0');
INSERT INTO `map_data` VALUES ('204', '3', '0', '3', '0');
INSERT INTO `map_data` VALUES ('205', '3', '0', '4', '0');
INSERT INTO `map_data` VALUES ('206', '3', '0', '5', '0');
INSERT INTO `map_data` VALUES ('207', '3', '0', '6', '0');
INSERT INTO `map_data` VALUES ('208', '3', '0', '7', '0');
INSERT INTO `map_data` VALUES ('209', '3', '0', '8', '0');
INSERT INTO `map_data` VALUES ('210', '3', '0', '9', '0');
INSERT INTO `map_data` VALUES ('211', '3', '1', '0', '0');
INSERT INTO `map_data` VALUES ('212', '3', '1', '1', '0');
INSERT INTO `map_data` VALUES ('213', '3', '1', '2', '1');
INSERT INTO `map_data` VALUES ('214', '3', '1', '3', '1');
INSERT INTO `map_data` VALUES ('215', '3', '1', '4', '1');
INSERT INTO `map_data` VALUES ('216', '3', '1', '5', '1');
INSERT INTO `map_data` VALUES ('217', '3', '1', '6', '1');
INSERT INTO `map_data` VALUES ('218', '3', '1', '7', '0');
INSERT INTO `map_data` VALUES ('219', '3', '1', '8', '0');
INSERT INTO `map_data` VALUES ('220', '3', '1', '9', '0');
INSERT INTO `map_data` VALUES ('221', '3', '2', '0', '0');
INSERT INTO `map_data` VALUES ('222', '3', '2', '1', '0');
INSERT INTO `map_data` VALUES ('223', '3', '2', '2', '1');
INSERT INTO `map_data` VALUES ('224', '3', '2', '3', '0');
INSERT INTO `map_data` VALUES ('225', '3', '2', '4', '0');
INSERT INTO `map_data` VALUES ('226', '3', '2', '5', '0');
INSERT INTO `map_data` VALUES ('227', '3', '2', '6', '1');
INSERT INTO `map_data` VALUES ('228', '3', '2', '7', '0');
INSERT INTO `map_data` VALUES ('229', '3', '2', '8', '0');
INSERT INTO `map_data` VALUES ('230', '3', '2', '9', '0');
INSERT INTO `map_data` VALUES ('231', '3', '3', '0', '0');
INSERT INTO `map_data` VALUES ('232', '3', '3', '1', '1');
INSERT INTO `map_data` VALUES ('233', '3', '3', '2', '1');
INSERT INTO `map_data` VALUES ('234', '3', '3', '3', '4');
INSERT INTO `map_data` VALUES ('235', '3', '3', '4', '4');
INSERT INTO `map_data` VALUES ('236', '3', '3', '5', '3');
INSERT INTO `map_data` VALUES ('237', '3', '3', '6', '1');
INSERT INTO `map_data` VALUES ('238', '3', '3', '7', '0');
INSERT INTO `map_data` VALUES ('239', '3', '3', '8', '0');
INSERT INTO `map_data` VALUES ('240', '3', '3', '9', '0');
INSERT INTO `map_data` VALUES ('241', '3', '4', '0', '0');
INSERT INTO `map_data` VALUES ('242', '3', '4', '1', '1');
INSERT INTO `map_data` VALUES ('243', '3', '4', '2', '0');
INSERT INTO `map_data` VALUES ('244', '3', '4', '3', '0');
INSERT INTO `map_data` VALUES ('245', '3', '4', '4', '4');
INSERT INTO `map_data` VALUES ('246', '3', '4', '5', '0');
INSERT INTO `map_data` VALUES ('247', '3', '4', '6', '1');
INSERT INTO `map_data` VALUES ('248', '3', '4', '7', '0');
INSERT INTO `map_data` VALUES ('249', '3', '4', '8', '0');
INSERT INTO `map_data` VALUES ('250', '3', '4', '9', '0');
INSERT INTO `map_data` VALUES ('251', '3', '5', '0', '0');
INSERT INTO `map_data` VALUES ('252', '3', '5', '1', '1');
INSERT INTO `map_data` VALUES ('253', '3', '5', '2', '0');
INSERT INTO `map_data` VALUES ('254', '3', '5', '3', '4');
INSERT INTO `map_data` VALUES ('255', '3', '5', '4', '4');
INSERT INTO `map_data` VALUES ('256', '3', '5', '5', '3');
INSERT INTO `map_data` VALUES ('257', '3', '5', '6', '1');
INSERT INTO `map_data` VALUES ('258', '3', '5', '7', '1');
INSERT INTO `map_data` VALUES ('259', '3', '5', '8', '0');
INSERT INTO `map_data` VALUES ('260', '3', '5', '9', '0');
INSERT INTO `map_data` VALUES ('261', '3', '6', '0', '0');
INSERT INTO `map_data` VALUES ('262', '3', '6', '1', '1');
INSERT INTO `map_data` VALUES ('263', '3', '6', '2', '1');
INSERT INTO `map_data` VALUES ('264', '3', '6', '3', '3');
INSERT INTO `map_data` VALUES ('265', '3', '6', '4', '3');
INSERT INTO `map_data` VALUES ('266', '3', '6', '5', '3');
INSERT INTO `map_data` VALUES ('267', '3', '6', '6', '0');
INSERT INTO `map_data` VALUES ('268', '3', '6', '7', '1');
INSERT INTO `map_data` VALUES ('269', '3', '6', '8', '0');
INSERT INTO `map_data` VALUES ('270', '3', '6', '9', '0');
INSERT INTO `map_data` VALUES ('271', '3', '7', '0', '0');
INSERT INTO `map_data` VALUES ('272', '3', '7', '1', '0');
INSERT INTO `map_data` VALUES ('273', '3', '7', '2', '1');
INSERT INTO `map_data` VALUES ('274', '3', '7', '3', '2');
INSERT INTO `map_data` VALUES ('275', '3', '7', '4', '0');
INSERT INTO `map_data` VALUES ('276', '3', '7', '5', '0');
INSERT INTO `map_data` VALUES ('277', '3', '7', '6', '0');
INSERT INTO `map_data` VALUES ('278', '3', '7', '7', '1');
INSERT INTO `map_data` VALUES ('279', '3', '7', '8', '0');
INSERT INTO `map_data` VALUES ('280', '3', '7', '9', '0');
INSERT INTO `map_data` VALUES ('281', '3', '8', '0', '0');
INSERT INTO `map_data` VALUES ('282', '3', '8', '1', '0');
INSERT INTO `map_data` VALUES ('283', '3', '8', '2', '1');
INSERT INTO `map_data` VALUES ('284', '3', '8', '3', '1');
INSERT INTO `map_data` VALUES ('285', '3', '8', '4', '1');
INSERT INTO `map_data` VALUES ('286', '3', '8', '5', '1');
INSERT INTO `map_data` VALUES ('287', '3', '8', '6', '1');
INSERT INTO `map_data` VALUES ('288', '3', '8', '7', '1');
INSERT INTO `map_data` VALUES ('289', '3', '8', '8', '0');
INSERT INTO `map_data` VALUES ('290', '3', '8', '9', '0');
INSERT INTO `map_data` VALUES ('291', '3', '9', '0', '0');
INSERT INTO `map_data` VALUES ('292', '3', '9', '1', '0');
INSERT INTO `map_data` VALUES ('293', '3', '9', '2', '0');
INSERT INTO `map_data` VALUES ('294', '3', '9', '3', '0');
INSERT INTO `map_data` VALUES ('295', '3', '9', '4', '0');
INSERT INTO `map_data` VALUES ('296', '3', '9', '5', '0');
INSERT INTO `map_data` VALUES ('297', '3', '9', '6', '0');
INSERT INTO `map_data` VALUES ('298', '3', '9', '7', '0');
INSERT INTO `map_data` VALUES ('299', '3', '9', '8', '0');
INSERT INTO `map_data` VALUES ('300', '3', '9', '9', '0');
INSERT INTO `map_data` VALUES ('301', '4', '0', '0', '1');
INSERT INTO `map_data` VALUES ('302', '4', '0', '1', '1');
INSERT INTO `map_data` VALUES ('303', '4', '0', '2', '1');
INSERT INTO `map_data` VALUES ('304', '4', '0', '3', '1');
INSERT INTO `map_data` VALUES ('305', '4', '0', '4', '1');
INSERT INTO `map_data` VALUES ('306', '4', '0', '5', '1');
INSERT INTO `map_data` VALUES ('307', '4', '0', '6', '1');
INSERT INTO `map_data` VALUES ('308', '4', '0', '7', '1');
INSERT INTO `map_data` VALUES ('309', '4', '0', '8', '1');
INSERT INTO `map_data` VALUES ('310', '4', '0', '9', '1');
INSERT INTO `map_data` VALUES ('311', '4', '1', '0', '1');
INSERT INTO `map_data` VALUES ('312', '4', '1', '1', '2');
INSERT INTO `map_data` VALUES ('313', '4', '1', '2', '0');
INSERT INTO `map_data` VALUES ('314', '4', '1', '3', '0');
INSERT INTO `map_data` VALUES ('315', '4', '1', '4', '1');
INSERT INTO `map_data` VALUES ('316', '4', '1', '5', '0');
INSERT INTO `map_data` VALUES ('317', '4', '1', '6', '0');
INSERT INTO `map_data` VALUES ('318', '4', '1', '7', '0');
INSERT INTO `map_data` VALUES ('319', '4', '1', '8', '0');
INSERT INTO `map_data` VALUES ('320', '4', '1', '9', '1');
INSERT INTO `map_data` VALUES ('321', '4', '2', '0', '1');
INSERT INTO `map_data` VALUES ('322', '4', '2', '1', '3');
INSERT INTO `map_data` VALUES ('323', '4', '2', '2', '0');
INSERT INTO `map_data` VALUES ('324', '4', '2', '3', '0');
INSERT INTO `map_data` VALUES ('325', '4', '2', '4', '1');
INSERT INTO `map_data` VALUES ('326', '4', '2', '5', '0');
INSERT INTO `map_data` VALUES ('327', '4', '2', '6', '3');
INSERT INTO `map_data` VALUES ('328', '4', '2', '7', '0');
INSERT INTO `map_data` VALUES ('329', '4', '2', '8', '0');
INSERT INTO `map_data` VALUES ('330', '4', '2', '9', '1');
INSERT INTO `map_data` VALUES ('331', '4', '3', '0', '1');
INSERT INTO `map_data` VALUES ('332', '4', '3', '1', '4');
INSERT INTO `map_data` VALUES ('333', '4', '3', '2', '0');
INSERT INTO `map_data` VALUES ('334', '4', '3', '3', '0');
INSERT INTO `map_data` VALUES ('335', '4', '3', '4', '1');
INSERT INTO `map_data` VALUES ('336', '4', '3', '5', '0');
INSERT INTO `map_data` VALUES ('337', '4', '3', '6', '0');
INSERT INTO `map_data` VALUES ('338', '4', '3', '7', '1');
INSERT INTO `map_data` VALUES ('339', '4', '3', '8', '1');
INSERT INTO `map_data` VALUES ('340', '4', '3', '9', '1');
INSERT INTO `map_data` VALUES ('341', '4', '4', '0', '1');
INSERT INTO `map_data` VALUES ('342', '4', '4', '1', '0');
INSERT INTO `map_data` VALUES ('343', '4', '4', '2', '0');
INSERT INTO `map_data` VALUES ('344', '4', '4', '3', '0');
INSERT INTO `map_data` VALUES ('345', '4', '4', '4', '0');
INSERT INTO `map_data` VALUES ('346', '4', '4', '5', '0');
INSERT INTO `map_data` VALUES ('347', '4', '4', '6', '0');
INSERT INTO `map_data` VALUES ('348', '4', '4', '7', '0');
INSERT INTO `map_data` VALUES ('349', '4', '4', '8', '0');
INSERT INTO `map_data` VALUES ('350', '4', '4', '9', '1');
INSERT INTO `map_data` VALUES ('351', '4', '5', '0', '1');
INSERT INTO `map_data` VALUES ('352', '4', '5', '1', '0');
INSERT INTO `map_data` VALUES ('353', '4', '5', '2', '0');
INSERT INTO `map_data` VALUES ('354', '4', '5', '3', '0');
INSERT INTO `map_data` VALUES ('355', '4', '5', '4', '1');
INSERT INTO `map_data` VALUES ('356', '4', '5', '5', '1');
INSERT INTO `map_data` VALUES ('357', '4', '5', '6', '1');
INSERT INTO `map_data` VALUES ('358', '4', '5', '7', '1');
INSERT INTO `map_data` VALUES ('359', '4', '5', '8', '1');
INSERT INTO `map_data` VALUES ('360', '4', '5', '9', '1');
INSERT INTO `map_data` VALUES ('361', '4', '6', '0', '1');
INSERT INTO `map_data` VALUES ('362', '4', '6', '1', '0');
INSERT INTO `map_data` VALUES ('363', '4', '6', '2', '0');
INSERT INTO `map_data` VALUES ('364', '4', '6', '3', '0');
INSERT INTO `map_data` VALUES ('365', '4', '6', '4', '0');
INSERT INTO `map_data` VALUES ('366', '4', '6', '5', '0');
INSERT INTO `map_data` VALUES ('367', '4', '6', '6', '0');
INSERT INTO `map_data` VALUES ('368', '4', '6', '7', '0');
INSERT INTO `map_data` VALUES ('369', '4', '6', '8', '0');
INSERT INTO `map_data` VALUES ('370', '4', '6', '9', '1');
INSERT INTO `map_data` VALUES ('371', '4', '7', '0', '1');
INSERT INTO `map_data` VALUES ('372', '4', '7', '1', '0');
INSERT INTO `map_data` VALUES ('373', '4', '7', '2', '0');
INSERT INTO `map_data` VALUES ('374', '4', '7', '3', '0');
INSERT INTO `map_data` VALUES ('375', '4', '7', '4', '0');
INSERT INTO `map_data` VALUES ('376', '4', '7', '5', '0');
INSERT INTO `map_data` VALUES ('377', '4', '7', '6', '0');
INSERT INTO `map_data` VALUES ('378', '4', '7', '7', '0');
INSERT INTO `map_data` VALUES ('379', '4', '7', '8', '0');
INSERT INTO `map_data` VALUES ('380', '4', '7', '9', '1');
INSERT INTO `map_data` VALUES ('381', '4', '8', '0', '1');
INSERT INTO `map_data` VALUES ('382', '4', '8', '1', '0');
INSERT INTO `map_data` VALUES ('383', '4', '8', '2', '0');
INSERT INTO `map_data` VALUES ('384', '4', '8', '3', '0');
INSERT INTO `map_data` VALUES ('385', '4', '8', '4', '1');
INSERT INTO `map_data` VALUES ('386', '4', '8', '5', '0');
INSERT INTO `map_data` VALUES ('387', '4', '8', '6', '0');
INSERT INTO `map_data` VALUES ('388', '4', '8', '7', '0');
INSERT INTO `map_data` VALUES ('389', '4', '8', '8', '0');
INSERT INTO `map_data` VALUES ('390', '4', '8', '9', '1');
INSERT INTO `map_data` VALUES ('391', '4', '9', '0', '1');
INSERT INTO `map_data` VALUES ('392', '4', '9', '1', '1');
INSERT INTO `map_data` VALUES ('393', '4', '9', '2', '1');
INSERT INTO `map_data` VALUES ('394', '4', '9', '3', '1');
INSERT INTO `map_data` VALUES ('395', '4', '9', '4', '1');
INSERT INTO `map_data` VALUES ('396', '4', '9', '5', '1');
INSERT INTO `map_data` VALUES ('397', '4', '9', '6', '1');
INSERT INTO `map_data` VALUES ('398', '4', '9', '7', '1');
INSERT INTO `map_data` VALUES ('399', '4', '9', '8', '1');
INSERT INTO `map_data` VALUES ('400', '4', '9', '9', '1');
INSERT INTO `map_data` VALUES ('401', '5', '0', '0', '0');
INSERT INTO `map_data` VALUES ('402', '5', '0', '1', '1');
INSERT INTO `map_data` VALUES ('403', '5', '0', '2', '1');
INSERT INTO `map_data` VALUES ('404', '5', '0', '3', '1');
INSERT INTO `map_data` VALUES ('405', '5', '0', '4', '1');
INSERT INTO `map_data` VALUES ('406', '5', '0', '5', '1');
INSERT INTO `map_data` VALUES ('407', '5', '0', '6', '1');
INSERT INTO `map_data` VALUES ('408', '5', '0', '7', '1');
INSERT INTO `map_data` VALUES ('409', '5', '0', '8', '1');
INSERT INTO `map_data` VALUES ('410', '5', '0', '9', '0');
INSERT INTO `map_data` VALUES ('411', '5', '1', '0', '0');
INSERT INTO `map_data` VALUES ('412', '5', '1', '1', '1');
INSERT INTO `map_data` VALUES ('413', '5', '1', '2', '1');
INSERT INTO `map_data` VALUES ('414', '5', '1', '3', '2');
INSERT INTO `map_data` VALUES ('415', '5', '1', '4', '0');
INSERT INTO `map_data` VALUES ('416', '5', '1', '5', '1');
INSERT INTO `map_data` VALUES ('417', '5', '1', '6', '1');
INSERT INTO `map_data` VALUES ('418', '5', '1', '7', '1');
INSERT INTO `map_data` VALUES ('419', '5', '1', '8', '1');
INSERT INTO `map_data` VALUES ('420', '5', '1', '9', '0');
INSERT INTO `map_data` VALUES ('421', '5', '2', '0', '0');
INSERT INTO `map_data` VALUES ('422', '5', '2', '1', '1');
INSERT INTO `map_data` VALUES ('423', '5', '2', '2', '1');
INSERT INTO `map_data` VALUES ('424', '5', '2', '3', '3');
INSERT INTO `map_data` VALUES ('425', '5', '2', '4', '7');
INSERT INTO `map_data` VALUES ('426', '5', '2', '5', '0');
INSERT INTO `map_data` VALUES ('427', '5', '2', '6', '1');
INSERT INTO `map_data` VALUES ('428', '5', '2', '7', '1');
INSERT INTO `map_data` VALUES ('429', '5', '2', '8', '1');
INSERT INTO `map_data` VALUES ('430', '5', '2', '9', '0');
INSERT INTO `map_data` VALUES ('431', '5', '3', '0', '0');
INSERT INTO `map_data` VALUES ('432', '5', '3', '1', '1');
INSERT INTO `map_data` VALUES ('433', '5', '3', '2', '0');
INSERT INTO `map_data` VALUES ('434', '5', '3', '3', '0');
INSERT INTO `map_data` VALUES ('435', '5', '3', '4', '7');
INSERT INTO `map_data` VALUES ('436', '5', '3', '5', '0');
INSERT INTO `map_data` VALUES ('437', '5', '3', '6', '1');
INSERT INTO `map_data` VALUES ('438', '5', '3', '7', '1');
INSERT INTO `map_data` VALUES ('439', '5', '3', '8', '1');
INSERT INTO `map_data` VALUES ('440', '5', '3', '9', '0');
INSERT INTO `map_data` VALUES ('441', '5', '4', '0', '0');
INSERT INTO `map_data` VALUES ('442', '5', '4', '1', '1');
INSERT INTO `map_data` VALUES ('443', '5', '4', '2', '0');
INSERT INTO `map_data` VALUES ('444', '5', '4', '3', '4');
INSERT INTO `map_data` VALUES ('445', '5', '4', '4', '7');
INSERT INTO `map_data` VALUES ('446', '5', '4', '5', '4');
INSERT INTO `map_data` VALUES ('447', '5', '4', '6', '0');
INSERT INTO `map_data` VALUES ('448', '5', '4', '7', '1');
INSERT INTO `map_data` VALUES ('449', '5', '4', '8', '1');
INSERT INTO `map_data` VALUES ('450', '5', '4', '9', '0');
INSERT INTO `map_data` VALUES ('451', '5', '5', '0', '0');
INSERT INTO `map_data` VALUES ('452', '5', '5', '1', '1');
INSERT INTO `map_data` VALUES ('453', '5', '5', '2', '1');
INSERT INTO `map_data` VALUES ('454', '5', '5', '3', '0');
INSERT INTO `map_data` VALUES ('455', '5', '5', '4', '7');
INSERT INTO `map_data` VALUES ('456', '5', '5', '5', '0');
INSERT INTO `map_data` VALUES ('457', '5', '5', '6', '3');
INSERT INTO `map_data` VALUES ('458', '5', '5', '7', '1');
INSERT INTO `map_data` VALUES ('459', '5', '5', '8', '1');
INSERT INTO `map_data` VALUES ('460', '5', '5', '9', '0');
INSERT INTO `map_data` VALUES ('461', '5', '6', '0', '0');
INSERT INTO `map_data` VALUES ('462', '5', '6', '1', '1');
INSERT INTO `map_data` VALUES ('463', '5', '6', '2', '1');
INSERT INTO `map_data` VALUES ('464', '5', '6', '3', '0');
INSERT INTO `map_data` VALUES ('465', '5', '6', '4', '0');
INSERT INTO `map_data` VALUES ('466', '5', '6', '5', '0');
INSERT INTO `map_data` VALUES ('467', '5', '6', '6', '0');
INSERT INTO `map_data` VALUES ('468', '5', '6', '7', '0');
INSERT INTO `map_data` VALUES ('469', '5', '6', '8', '1');
INSERT INTO `map_data` VALUES ('470', '5', '6', '9', '0');
INSERT INTO `map_data` VALUES ('471', '5', '7', '0', '0');
INSERT INTO `map_data` VALUES ('472', '5', '7', '1', '1');
INSERT INTO `map_data` VALUES ('473', '5', '7', '2', '1');
INSERT INTO `map_data` VALUES ('474', '5', '7', '3', '1');
INSERT INTO `map_data` VALUES ('475', '5', '7', '4', '1');
INSERT INTO `map_data` VALUES ('476', '5', '7', '5', '0');
INSERT INTO `map_data` VALUES ('477', '5', '7', '6', '0');
INSERT INTO `map_data` VALUES ('478', '5', '7', '7', '0');
INSERT INTO `map_data` VALUES ('479', '5', '7', '8', '1');
INSERT INTO `map_data` VALUES ('480', '5', '7', '9', '0');
INSERT INTO `map_data` VALUES ('481', '5', '8', '0', '1');
INSERT INTO `map_data` VALUES ('482', '5', '8', '1', '1');
INSERT INTO `map_data` VALUES ('483', '5', '8', '2', '1');
INSERT INTO `map_data` VALUES ('484', '5', '8', '3', '1');
INSERT INTO `map_data` VALUES ('485', '5', '8', '4', '1');
INSERT INTO `map_data` VALUES ('486', '5', '8', '5', '1');
INSERT INTO `map_data` VALUES ('487', '5', '8', '6', '1');
INSERT INTO `map_data` VALUES ('488', '5', '8', '7', '1');
INSERT INTO `map_data` VALUES ('489', '5', '8', '8', '1');
INSERT INTO `map_data` VALUES ('490', '5', '8', '9', '1');
INSERT INTO `map_data` VALUES ('491', '5', '9', '0', '0');
INSERT INTO `map_data` VALUES ('492', '5', '9', '1', '0');
INSERT INTO `map_data` VALUES ('493', '5', '9', '2', '0');
INSERT INTO `map_data` VALUES ('494', '5', '9', '3', '0');
INSERT INTO `map_data` VALUES ('495', '5', '9', '4', '0');
INSERT INTO `map_data` VALUES ('496', '5', '9', '5', '0');
INSERT INTO `map_data` VALUES ('497', '5', '9', '6', '0');
INSERT INTO `map_data` VALUES ('498', '5', '9', '7', '0');
INSERT INTO `map_data` VALUES ('499', '5', '9', '8', '0');
INSERT INTO `map_data` VALUES ('500', '5', '9', '9', '0');
INSERT INTO `map_data` VALUES ('501', '6', '0', '0', '0');
INSERT INTO `map_data` VALUES ('502', '6', '0', '1', '0');
INSERT INTO `map_data` VALUES ('503', '6', '0', '2', '0');
INSERT INTO `map_data` VALUES ('504', '6', '0', '3', '0');
INSERT INTO `map_data` VALUES ('505', '6', '0', '4', '0');
INSERT INTO `map_data` VALUES ('506', '6', '0', '5', '0');
INSERT INTO `map_data` VALUES ('507', '6', '0', '6', '0');
INSERT INTO `map_data` VALUES ('508', '6', '0', '7', '0');
INSERT INTO `map_data` VALUES ('509', '6', '0', '8', '0');
INSERT INTO `map_data` VALUES ('510', '6', '0', '9', '0');
INSERT INTO `map_data` VALUES ('511', '6', '1', '0', '1');
INSERT INTO `map_data` VALUES ('512', '6', '1', '1', '1');
INSERT INTO `map_data` VALUES ('513', '6', '1', '2', '1');
INSERT INTO `map_data` VALUES ('514', '6', '1', '3', '1');
INSERT INTO `map_data` VALUES ('515', '6', '1', '4', '1');
INSERT INTO `map_data` VALUES ('516', '6', '1', '5', '1');
INSERT INTO `map_data` VALUES ('517', '6', '1', '6', '1');
INSERT INTO `map_data` VALUES ('518', '6', '1', '7', '1');
INSERT INTO `map_data` VALUES ('519', '6', '1', '8', '1');
INSERT INTO `map_data` VALUES ('520', '6', '1', '9', '1');
INSERT INTO `map_data` VALUES ('521', '6', '2', '0', '1');
INSERT INTO `map_data` VALUES ('522', '6', '2', '1', '1');
INSERT INTO `map_data` VALUES ('523', '6', '2', '2', '1');
INSERT INTO `map_data` VALUES ('524', '6', '2', '3', '1');
INSERT INTO `map_data` VALUES ('525', '6', '2', '4', '1');
INSERT INTO `map_data` VALUES ('526', '6', '2', '5', '1');
INSERT INTO `map_data` VALUES ('527', '6', '2', '6', '2');
INSERT INTO `map_data` VALUES ('528', '6', '2', '7', '0');
INSERT INTO `map_data` VALUES ('529', '6', '2', '8', '1');
INSERT INTO `map_data` VALUES ('530', '6', '2', '9', '1');
INSERT INTO `map_data` VALUES ('531', '6', '3', '0', '1');
INSERT INTO `map_data` VALUES ('532', '6', '3', '1', '1');
INSERT INTO `map_data` VALUES ('533', '6', '3', '2', '1');
INSERT INTO `map_data` VALUES ('534', '6', '3', '3', '1');
INSERT INTO `map_data` VALUES ('535', '6', '3', '4', '0');
INSERT INTO `map_data` VALUES ('536', '6', '3', '5', '4');
INSERT INTO `map_data` VALUES ('537', '6', '3', '6', '3');
INSERT INTO `map_data` VALUES ('538', '6', '3', '7', '0');
INSERT INTO `map_data` VALUES ('539', '6', '3', '8', '1');
INSERT INTO `map_data` VALUES ('540', '6', '3', '9', '1');
INSERT INTO `map_data` VALUES ('541', '6', '4', '0', '1');
INSERT INTO `map_data` VALUES ('542', '6', '4', '1', '1');
INSERT INTO `map_data` VALUES ('543', '6', '4', '2', '0');
INSERT INTO `map_data` VALUES ('544', '6', '4', '3', '0');
INSERT INTO `map_data` VALUES ('545', '6', '4', '4', '3');
INSERT INTO `map_data` VALUES ('546', '6', '4', '5', '1');
INSERT INTO `map_data` VALUES ('547', '6', '4', '6', '0');
INSERT INTO `map_data` VALUES ('548', '6', '4', '7', '4');
INSERT INTO `map_data` VALUES ('549', '6', '4', '8', '1');
INSERT INTO `map_data` VALUES ('550', '6', '4', '9', '1');
INSERT INTO `map_data` VALUES ('551', '6', '5', '0', '1');
INSERT INTO `map_data` VALUES ('552', '6', '5', '1', '1');
INSERT INTO `map_data` VALUES ('553', '6', '5', '2', '0');
INSERT INTO `map_data` VALUES ('554', '6', '5', '3', '0');
INSERT INTO `map_data` VALUES ('555', '6', '5', '4', '4');
INSERT INTO `map_data` VALUES ('556', '6', '5', '5', '0');
INSERT INTO `map_data` VALUES ('557', '6', '5', '6', '7');
INSERT INTO `map_data` VALUES ('558', '6', '5', '7', '0');
INSERT INTO `map_data` VALUES ('559', '6', '5', '8', '1');
INSERT INTO `map_data` VALUES ('560', '6', '5', '9', '1');
INSERT INTO `map_data` VALUES ('561', '6', '6', '0', '1');
INSERT INTO `map_data` VALUES ('562', '6', '6', '1', '1');
INSERT INTO `map_data` VALUES ('563', '6', '6', '2', '1');
INSERT INTO `map_data` VALUES ('564', '6', '6', '3', '0');
INSERT INTO `map_data` VALUES ('565', '6', '6', '4', '1');
INSERT INTO `map_data` VALUES ('566', '6', '6', '5', '3');
INSERT INTO `map_data` VALUES ('567', '6', '6', '6', '0');
INSERT INTO `map_data` VALUES ('568', '6', '6', '7', '0');
INSERT INTO `map_data` VALUES ('569', '6', '6', '8', '1');
INSERT INTO `map_data` VALUES ('570', '6', '6', '9', '1');
INSERT INTO `map_data` VALUES ('571', '6', '7', '0', '1');
INSERT INTO `map_data` VALUES ('572', '6', '7', '1', '1');
INSERT INTO `map_data` VALUES ('573', '6', '7', '2', '1');
INSERT INTO `map_data` VALUES ('574', '6', '7', '3', '0');
INSERT INTO `map_data` VALUES ('575', '6', '7', '4', '0');
INSERT INTO `map_data` VALUES ('576', '6', '7', '5', '0');
INSERT INTO `map_data` VALUES ('577', '6', '7', '6', '1');
INSERT INTO `map_data` VALUES ('578', '6', '7', '7', '1');
INSERT INTO `map_data` VALUES ('579', '6', '7', '8', '1');
INSERT INTO `map_data` VALUES ('580', '6', '7', '9', '1');
INSERT INTO `map_data` VALUES ('581', '6', '8', '0', '1');
INSERT INTO `map_data` VALUES ('582', '6', '8', '1', '1');
INSERT INTO `map_data` VALUES ('583', '6', '8', '2', '1');
INSERT INTO `map_data` VALUES ('584', '6', '8', '3', '1');
INSERT INTO `map_data` VALUES ('585', '6', '8', '4', '1');
INSERT INTO `map_data` VALUES ('586', '6', '8', '5', '1');
INSERT INTO `map_data` VALUES ('587', '6', '8', '6', '1');
INSERT INTO `map_data` VALUES ('588', '6', '8', '7', '1');
INSERT INTO `map_data` VALUES ('589', '6', '8', '8', '1');
INSERT INTO `map_data` VALUES ('590', '6', '8', '9', '1');
INSERT INTO `map_data` VALUES ('591', '6', '9', '0', '0');
INSERT INTO `map_data` VALUES ('592', '6', '9', '1', '0');
INSERT INTO `map_data` VALUES ('593', '6', '9', '2', '0');
INSERT INTO `map_data` VALUES ('594', '6', '9', '3', '0');
INSERT INTO `map_data` VALUES ('595', '6', '9', '4', '0');
INSERT INTO `map_data` VALUES ('596', '6', '9', '5', '0');
INSERT INTO `map_data` VALUES ('597', '6', '9', '6', '0');
INSERT INTO `map_data` VALUES ('598', '6', '9', '7', '0');
INSERT INTO `map_data` VALUES ('599', '6', '9', '8', '0');
INSERT INTO `map_data` VALUES ('600', '6', '9', '9', '0');
INSERT INTO `map_data` VALUES ('601', '7', '0', '0', '0');
INSERT INTO `map_data` VALUES ('602', '7', '0', '1', '0');
INSERT INTO `map_data` VALUES ('603', '7', '0', '2', '0');
INSERT INTO `map_data` VALUES ('604', '7', '0', '3', '0');
INSERT INTO `map_data` VALUES ('605', '7', '0', '4', '0');
INSERT INTO `map_data` VALUES ('606', '7', '0', '5', '0');
INSERT INTO `map_data` VALUES ('607', '7', '0', '6', '0');
INSERT INTO `map_data` VALUES ('608', '7', '0', '7', '0');
INSERT INTO `map_data` VALUES ('609', '7', '0', '8', '0');
INSERT INTO `map_data` VALUES ('610', '7', '0', '9', '0');
INSERT INTO `map_data` VALUES ('611', '7', '1', '0', '0');
INSERT INTO `map_data` VALUES ('612', '7', '1', '1', '0');
INSERT INTO `map_data` VALUES ('613', '7', '1', '2', '0');
INSERT INTO `map_data` VALUES ('614', '7', '1', '3', '1');
INSERT INTO `map_data` VALUES ('615', '7', '1', '4', '1');
INSERT INTO `map_data` VALUES ('616', '7', '1', '5', '1');
INSERT INTO `map_data` VALUES ('617', '7', '1', '6', '1');
INSERT INTO `map_data` VALUES ('618', '7', '1', '7', '1');
INSERT INTO `map_data` VALUES ('619', '7', '1', '8', '1');
INSERT INTO `map_data` VALUES ('620', '7', '1', '9', '1');
INSERT INTO `map_data` VALUES ('621', '7', '2', '0', '0');
INSERT INTO `map_data` VALUES ('622', '7', '2', '1', '0');
INSERT INTO `map_data` VALUES ('623', '7', '2', '2', '1');
INSERT INTO `map_data` VALUES ('624', '7', '2', '3', '1');
INSERT INTO `map_data` VALUES ('625', '7', '2', '4', '0');
INSERT INTO `map_data` VALUES ('626', '7', '2', '5', '0');
INSERT INTO `map_data` VALUES ('627', '7', '2', '6', '1');
INSERT INTO `map_data` VALUES ('628', '7', '2', '7', '0');
INSERT INTO `map_data` VALUES ('629', '7', '2', '8', '2');
INSERT INTO `map_data` VALUES ('630', '7', '2', '9', '1');
INSERT INTO `map_data` VALUES ('631', '7', '3', '0', '0');
INSERT INTO `map_data` VALUES ('632', '7', '3', '1', '0');
INSERT INTO `map_data` VALUES ('633', '7', '3', '2', '1');
INSERT INTO `map_data` VALUES ('634', '7', '3', '3', '3');
INSERT INTO `map_data` VALUES ('635', '7', '3', '4', '0');
INSERT INTO `map_data` VALUES ('636', '7', '3', '5', '3');
INSERT INTO `map_data` VALUES ('637', '7', '3', '6', '0');
INSERT INTO `map_data` VALUES ('638', '7', '3', '7', '3');
INSERT INTO `map_data` VALUES ('639', '7', '3', '8', '0');
INSERT INTO `map_data` VALUES ('640', '7', '3', '9', '1');
INSERT INTO `map_data` VALUES ('641', '7', '4', '0', '0');
INSERT INTO `map_data` VALUES ('642', '7', '4', '1', '0');
INSERT INTO `map_data` VALUES ('643', '7', '4', '2', '1');
INSERT INTO `map_data` VALUES ('644', '7', '4', '3', '0');
INSERT INTO `map_data` VALUES ('645', '7', '4', '4', '3');
INSERT INTO `map_data` VALUES ('646', '7', '4', '5', '1');
INSERT INTO `map_data` VALUES ('647', '7', '4', '6', '1');
INSERT INTO `map_data` VALUES ('648', '7', '4', '7', '0');
INSERT INTO `map_data` VALUES ('649', '7', '4', '8', '0');
INSERT INTO `map_data` VALUES ('650', '7', '4', '9', '1');
INSERT INTO `map_data` VALUES ('651', '7', '5', '0', '1');
INSERT INTO `map_data` VALUES ('652', '7', '5', '1', '1');
INSERT INTO `map_data` VALUES ('653', '7', '5', '2', '1');
INSERT INTO `map_data` VALUES ('654', '7', '5', '3', '0');
INSERT INTO `map_data` VALUES ('655', '7', '5', '4', '3');
INSERT INTO `map_data` VALUES ('656', '7', '5', '5', '0');
INSERT INTO `map_data` VALUES ('657', '7', '5', '6', '1');
INSERT INTO `map_data` VALUES ('658', '7', '5', '7', '0');
INSERT INTO `map_data` VALUES ('659', '7', '5', '8', '1');
INSERT INTO `map_data` VALUES ('660', '7', '5', '9', '1');
INSERT INTO `map_data` VALUES ('661', '7', '6', '0', '1');
INSERT INTO `map_data` VALUES ('662', '7', '6', '1', '4');
INSERT INTO `map_data` VALUES ('663', '7', '6', '2', '4');
INSERT INTO `map_data` VALUES ('664', '7', '6', '3', '4');
INSERT INTO `map_data` VALUES ('665', '7', '6', '4', '4');
INSERT INTO `map_data` VALUES ('666', '7', '6', '5', '4');
INSERT INTO `map_data` VALUES ('667', '7', '6', '6', '0');
INSERT INTO `map_data` VALUES ('668', '7', '6', '7', '0');
INSERT INTO `map_data` VALUES ('669', '7', '6', '8', '1');
INSERT INTO `map_data` VALUES ('670', '7', '6', '9', '0');
INSERT INTO `map_data` VALUES ('671', '7', '7', '0', '1');
INSERT INTO `map_data` VALUES ('672', '7', '7', '1', '1');
INSERT INTO `map_data` VALUES ('673', '7', '7', '2', '1');
INSERT INTO `map_data` VALUES ('674', '7', '7', '3', '1');
INSERT INTO `map_data` VALUES ('675', '7', '7', '4', '1');
INSERT INTO `map_data` VALUES ('676', '7', '7', '5', '1');
INSERT INTO `map_data` VALUES ('677', '7', '7', '6', '1');
INSERT INTO `map_data` VALUES ('678', '7', '7', '7', '1');
INSERT INTO `map_data` VALUES ('679', '7', '7', '8', '1');
INSERT INTO `map_data` VALUES ('680', '7', '7', '9', '0');
INSERT INTO `map_data` VALUES ('681', '7', '8', '0', '0');
INSERT INTO `map_data` VALUES ('682', '7', '8', '1', '0');
INSERT INTO `map_data` VALUES ('683', '7', '8', '2', '0');
INSERT INTO `map_data` VALUES ('684', '7', '8', '3', '0');
INSERT INTO `map_data` VALUES ('685', '7', '8', '4', '0');
INSERT INTO `map_data` VALUES ('686', '7', '8', '5', '0');
INSERT INTO `map_data` VALUES ('687', '7', '8', '6', '0');
INSERT INTO `map_data` VALUES ('688', '7', '8', '7', '0');
INSERT INTO `map_data` VALUES ('689', '7', '8', '8', '0');
INSERT INTO `map_data` VALUES ('690', '7', '8', '9', '0');
INSERT INTO `map_data` VALUES ('691', '7', '9', '0', '0');
INSERT INTO `map_data` VALUES ('692', '7', '9', '1', '0');
INSERT INTO `map_data` VALUES ('693', '7', '9', '2', '0');
INSERT INTO `map_data` VALUES ('694', '7', '9', '3', '0');
INSERT INTO `map_data` VALUES ('695', '7', '9', '4', '0');
INSERT INTO `map_data` VALUES ('696', '7', '9', '5', '0');
INSERT INTO `map_data` VALUES ('697', '7', '9', '6', '0');
INSERT INTO `map_data` VALUES ('698', '7', '9', '7', '0');
INSERT INTO `map_data` VALUES ('699', '7', '9', '8', '0');
INSERT INTO `map_data` VALUES ('700', '7', '9', '9', '0');
INSERT INTO `map_data` VALUES ('701', '8', '0', '0', '0');
INSERT INTO `map_data` VALUES ('702', '8', '0', '1', '0');
INSERT INTO `map_data` VALUES ('703', '8', '0', '2', '0');
INSERT INTO `map_data` VALUES ('704', '8', '0', '3', '0');
INSERT INTO `map_data` VALUES ('705', '8', '0', '4', '0');
INSERT INTO `map_data` VALUES ('706', '8', '0', '5', '0');
INSERT INTO `map_data` VALUES ('707', '8', '0', '6', '0');
INSERT INTO `map_data` VALUES ('708', '8', '0', '7', '0');
INSERT INTO `map_data` VALUES ('709', '8', '0', '8', '0');
INSERT INTO `map_data` VALUES ('710', '8', '0', '9', '0');
INSERT INTO `map_data` VALUES ('711', '8', '1', '0', '0');
INSERT INTO `map_data` VALUES ('712', '8', '1', '1', '0');
INSERT INTO `map_data` VALUES ('713', '8', '1', '2', '0');
INSERT INTO `map_data` VALUES ('714', '8', '1', '3', '0');
INSERT INTO `map_data` VALUES ('715', '8', '1', '4', '0');
INSERT INTO `map_data` VALUES ('716', '8', '1', '5', '0');
INSERT INTO `map_data` VALUES ('717', '8', '1', '6', '0');
INSERT INTO `map_data` VALUES ('718', '8', '1', '7', '0');
INSERT INTO `map_data` VALUES ('719', '8', '1', '8', '0');
INSERT INTO `map_data` VALUES ('720', '8', '1', '9', '0');
INSERT INTO `map_data` VALUES ('721', '8', '2', '0', '0');
INSERT INTO `map_data` VALUES ('722', '8', '2', '1', '0');
INSERT INTO `map_data` VALUES ('723', '8', '2', '2', '0');
INSERT INTO `map_data` VALUES ('724', '8', '2', '3', '1');
INSERT INTO `map_data` VALUES ('725', '8', '2', '4', '1');
INSERT INTO `map_data` VALUES ('726', '8', '2', '5', '1');
INSERT INTO `map_data` VALUES ('727', '8', '2', '6', '1');
INSERT INTO `map_data` VALUES ('728', '8', '2', '7', '1');
INSERT INTO `map_data` VALUES ('729', '8', '2', '8', '1');
INSERT INTO `map_data` VALUES ('730', '8', '2', '9', '0');
INSERT INTO `map_data` VALUES ('731', '8', '3', '0', '0');
INSERT INTO `map_data` VALUES ('732', '8', '3', '1', '0');
INSERT INTO `map_data` VALUES ('733', '8', '3', '2', '0');
INSERT INTO `map_data` VALUES ('734', '8', '3', '3', '1');
INSERT INTO `map_data` VALUES ('735', '8', '3', '4', '0');
INSERT INTO `map_data` VALUES ('736', '8', '3', '5', '0');
INSERT INTO `map_data` VALUES ('737', '8', '3', '6', '0');
INSERT INTO `map_data` VALUES ('738', '8', '3', '7', '0');
INSERT INTO `map_data` VALUES ('739', '8', '3', '8', '1');
INSERT INTO `map_data` VALUES ('740', '8', '3', '9', '0');
INSERT INTO `map_data` VALUES ('741', '8', '4', '0', '0');
INSERT INTO `map_data` VALUES ('742', '8', '4', '1', '1');
INSERT INTO `map_data` VALUES ('743', '8', '4', '2', '1');
INSERT INTO `map_data` VALUES ('744', '8', '4', '3', '1');
INSERT INTO `map_data` VALUES ('745', '8', '4', '4', '3');
INSERT INTO `map_data` VALUES ('746', '8', '4', '5', '3');
INSERT INTO `map_data` VALUES ('747', '8', '4', '6', '3');
INSERT INTO `map_data` VALUES ('748', '8', '4', '7', '0');
INSERT INTO `map_data` VALUES ('749', '8', '4', '8', '1');
INSERT INTO `map_data` VALUES ('750', '8', '4', '9', '0');
INSERT INTO `map_data` VALUES ('751', '8', '5', '0', '0');
INSERT INTO `map_data` VALUES ('752', '8', '5', '1', '1');
INSERT INTO `map_data` VALUES ('753', '8', '5', '2', '2');
INSERT INTO `map_data` VALUES ('754', '8', '5', '3', '0');
INSERT INTO `map_data` VALUES ('755', '8', '5', '4', '3');
INSERT INTO `map_data` VALUES ('756', '8', '5', '5', '4');
INSERT INTO `map_data` VALUES ('757', '8', '5', '6', '4');
INSERT INTO `map_data` VALUES ('758', '8', '5', '7', '0');
INSERT INTO `map_data` VALUES ('759', '8', '5', '8', '1');
INSERT INTO `map_data` VALUES ('760', '8', '5', '9', '0');
INSERT INTO `map_data` VALUES ('761', '8', '6', '0', '0');
INSERT INTO `map_data` VALUES ('762', '8', '6', '1', '1');
INSERT INTO `map_data` VALUES ('763', '8', '6', '2', '0');
INSERT INTO `map_data` VALUES ('764', '8', '6', '3', '3');
INSERT INTO `map_data` VALUES ('765', '8', '6', '4', '4');
INSERT INTO `map_data` VALUES ('766', '8', '6', '5', '4');
INSERT INTO `map_data` VALUES ('767', '8', '6', '6', '4');
INSERT INTO `map_data` VALUES ('768', '8', '6', '7', '1');
INSERT INTO `map_data` VALUES ('769', '8', '6', '8', '1');
INSERT INTO `map_data` VALUES ('770', '8', '6', '9', '0');
INSERT INTO `map_data` VALUES ('771', '8', '7', '0', '0');
INSERT INTO `map_data` VALUES ('772', '8', '7', '1', '1');
INSERT INTO `map_data` VALUES ('773', '8', '7', '2', '1');
INSERT INTO `map_data` VALUES ('774', '8', '7', '3', '1');
INSERT INTO `map_data` VALUES ('775', '8', '7', '4', '1');
INSERT INTO `map_data` VALUES ('776', '8', '7', '5', '0');
INSERT INTO `map_data` VALUES ('777', '8', '7', '6', '0');
INSERT INTO `map_data` VALUES ('778', '8', '7', '7', '1');
INSERT INTO `map_data` VALUES ('779', '8', '7', '8', '0');
INSERT INTO `map_data` VALUES ('780', '8', '7', '9', '0');
INSERT INTO `map_data` VALUES ('781', '8', '8', '0', '0');
INSERT INTO `map_data` VALUES ('782', '8', '8', '1', '0');
INSERT INTO `map_data` VALUES ('783', '8', '8', '2', '0');
INSERT INTO `map_data` VALUES ('784', '8', '8', '3', '0');
INSERT INTO `map_data` VALUES ('785', '8', '8', '4', '1');
INSERT INTO `map_data` VALUES ('786', '8', '8', '5', '1');
INSERT INTO `map_data` VALUES ('787', '8', '8', '6', '1');
INSERT INTO `map_data` VALUES ('788', '8', '8', '7', '1');
INSERT INTO `map_data` VALUES ('789', '8', '8', '8', '0');
INSERT INTO `map_data` VALUES ('790', '8', '8', '9', '0');
INSERT INTO `map_data` VALUES ('791', '8', '9', '0', '0');
INSERT INTO `map_data` VALUES ('792', '8', '9', '1', '0');
INSERT INTO `map_data` VALUES ('793', '8', '9', '2', '0');
INSERT INTO `map_data` VALUES ('794', '8', '9', '3', '0');
INSERT INTO `map_data` VALUES ('795', '8', '9', '4', '0');
INSERT INTO `map_data` VALUES ('796', '8', '9', '5', '0');
INSERT INTO `map_data` VALUES ('797', '8', '9', '6', '0');
INSERT INTO `map_data` VALUES ('798', '8', '9', '7', '0');
INSERT INTO `map_data` VALUES ('799', '8', '9', '8', '0');
INSERT INTO `map_data` VALUES ('800', '8', '9', '9', '0');
INSERT INTO `map_data` VALUES ('801', '9', '0', '0', '0');
INSERT INTO `map_data` VALUES ('802', '9', '0', '1', '0');
INSERT INTO `map_data` VALUES ('803', '9', '0', '2', '0');
INSERT INTO `map_data` VALUES ('804', '9', '0', '3', '0');
INSERT INTO `map_data` VALUES ('805', '9', '0', '4', '0');
INSERT INTO `map_data` VALUES ('806', '9', '0', '5', '0');
INSERT INTO `map_data` VALUES ('807', '9', '0', '6', '0');
INSERT INTO `map_data` VALUES ('808', '9', '0', '7', '0');
INSERT INTO `map_data` VALUES ('809', '9', '0', '8', '0');
INSERT INTO `map_data` VALUES ('810', '9', '0', '9', '0');
INSERT INTO `map_data` VALUES ('811', '9', '1', '0', '0');
INSERT INTO `map_data` VALUES ('812', '9', '1', '1', '0');
INSERT INTO `map_data` VALUES ('813', '9', '1', '2', '0');
INSERT INTO `map_data` VALUES ('814', '9', '1', '3', '1');
INSERT INTO `map_data` VALUES ('815', '9', '1', '4', '1');
INSERT INTO `map_data` VALUES ('816', '9', '1', '5', '1');
INSERT INTO `map_data` VALUES ('817', '9', '1', '6', '1');
INSERT INTO `map_data` VALUES ('818', '9', '1', '7', '1');
INSERT INTO `map_data` VALUES ('819', '9', '1', '8', '0');
INSERT INTO `map_data` VALUES ('820', '9', '1', '9', '0');
INSERT INTO `map_data` VALUES ('821', '9', '2', '0', '0');
INSERT INTO `map_data` VALUES ('822', '9', '2', '1', '1');
INSERT INTO `map_data` VALUES ('823', '9', '2', '2', '1');
INSERT INTO `map_data` VALUES ('824', '9', '2', '3', '1');
INSERT INTO `map_data` VALUES ('825', '9', '2', '4', '0');
INSERT INTO `map_data` VALUES ('826', '9', '2', '5', '0');
INSERT INTO `map_data` VALUES ('827', '9', '2', '6', '2');
INSERT INTO `map_data` VALUES ('828', '9', '2', '7', '1');
INSERT INTO `map_data` VALUES ('829', '9', '2', '8', '0');
INSERT INTO `map_data` VALUES ('830', '9', '2', '9', '0');
INSERT INTO `map_data` VALUES ('831', '9', '3', '0', '0');
INSERT INTO `map_data` VALUES ('832', '9', '3', '1', '1');
INSERT INTO `map_data` VALUES ('833', '9', '3', '2', '0');
INSERT INTO `map_data` VALUES ('834', '9', '3', '3', '0');
INSERT INTO `map_data` VALUES ('835', '9', '3', '4', '3');
INSERT INTO `map_data` VALUES ('836', '9', '3', '5', '4');
INSERT INTO `map_data` VALUES ('837', '9', '3', '6', '0');
INSERT INTO `map_data` VALUES ('838', '9', '3', '7', '1');
INSERT INTO `map_data` VALUES ('839', '9', '3', '8', '1');
INSERT INTO `map_data` VALUES ('840', '9', '3', '9', '0');
INSERT INTO `map_data` VALUES ('841', '9', '4', '0', '0');
INSERT INTO `map_data` VALUES ('842', '9', '4', '1', '1');
INSERT INTO `map_data` VALUES ('843', '9', '4', '2', '0');
INSERT INTO `map_data` VALUES ('844', '9', '4', '3', '0');
INSERT INTO `map_data` VALUES ('845', '9', '4', '4', '4');
INSERT INTO `map_data` VALUES ('846', '9', '4', '5', '3');
INSERT INTO `map_data` VALUES ('847', '9', '4', '6', '4');
INSERT INTO `map_data` VALUES ('848', '9', '4', '7', '0');
INSERT INTO `map_data` VALUES ('849', '9', '4', '8', '1');
INSERT INTO `map_data` VALUES ('850', '9', '4', '9', '0');
INSERT INTO `map_data` VALUES ('851', '9', '5', '0', '0');
INSERT INTO `map_data` VALUES ('852', '9', '5', '1', '1');
INSERT INTO `map_data` VALUES ('853', '9', '5', '2', '1');
INSERT INTO `map_data` VALUES ('854', '9', '5', '3', '0');
INSERT INTO `map_data` VALUES ('855', '9', '5', '4', '7');
INSERT INTO `map_data` VALUES ('856', '9', '5', '5', '4');
INSERT INTO `map_data` VALUES ('857', '9', '5', '6', '0');
INSERT INTO `map_data` VALUES ('858', '9', '5', '7', '1');
INSERT INTO `map_data` VALUES ('859', '9', '5', '8', '0');
INSERT INTO `map_data` VALUES ('860', '9', '5', '9', '0');
INSERT INTO `map_data` VALUES ('861', '9', '6', '0', '0');
INSERT INTO `map_data` VALUES ('862', '9', '6', '1', '0');
INSERT INTO `map_data` VALUES ('863', '9', '6', '2', '1');
INSERT INTO `map_data` VALUES ('864', '9', '6', '3', '0');
INSERT INTO `map_data` VALUES ('865', '9', '6', '4', '0');
INSERT INTO `map_data` VALUES ('866', '9', '6', '5', '1');
INSERT INTO `map_data` VALUES ('867', '9', '6', '6', '1');
INSERT INTO `map_data` VALUES ('868', '9', '6', '7', '1');
INSERT INTO `map_data` VALUES ('869', '9', '6', '8', '0');
INSERT INTO `map_data` VALUES ('870', '9', '6', '9', '0');
INSERT INTO `map_data` VALUES ('871', '9', '7', '0', '0');
INSERT INTO `map_data` VALUES ('872', '9', '7', '1', '0');
INSERT INTO `map_data` VALUES ('873', '9', '7', '2', '1');
INSERT INTO `map_data` VALUES ('874', '9', '7', '3', '1');
INSERT INTO `map_data` VALUES ('875', '9', '7', '4', '1');
INSERT INTO `map_data` VALUES ('876', '9', '7', '5', '1');
INSERT INTO `map_data` VALUES ('877', '9', '7', '6', '1');
INSERT INTO `map_data` VALUES ('878', '9', '7', '7', '0');
INSERT INTO `map_data` VALUES ('879', '9', '7', '8', '0');
INSERT INTO `map_data` VALUES ('880', '9', '7', '9', '0');
INSERT INTO `map_data` VALUES ('881', '9', '8', '0', '0');
INSERT INTO `map_data` VALUES ('882', '9', '8', '1', '0');
INSERT INTO `map_data` VALUES ('883', '9', '8', '2', '0');
INSERT INTO `map_data` VALUES ('884', '9', '8', '3', '0');
INSERT INTO `map_data` VALUES ('885', '9', '8', '4', '0');
INSERT INTO `map_data` VALUES ('886', '9', '8', '5', '0');
INSERT INTO `map_data` VALUES ('887', '9', '8', '6', '0');
INSERT INTO `map_data` VALUES ('888', '9', '8', '7', '0');
INSERT INTO `map_data` VALUES ('889', '9', '8', '8', '0');
INSERT INTO `map_data` VALUES ('890', '9', '8', '9', '0');
INSERT INTO `map_data` VALUES ('891', '9', '9', '0', '0');
INSERT INTO `map_data` VALUES ('892', '9', '9', '1', '0');
INSERT INTO `map_data` VALUES ('893', '9', '9', '2', '0');
INSERT INTO `map_data` VALUES ('894', '9', '9', '3', '0');
INSERT INTO `map_data` VALUES ('895', '9', '9', '4', '0');
INSERT INTO `map_data` VALUES ('896', '9', '9', '5', '0');
INSERT INTO `map_data` VALUES ('897', '9', '9', '6', '0');
INSERT INTO `map_data` VALUES ('898', '9', '9', '7', '0');
INSERT INTO `map_data` VALUES ('899', '9', '9', '8', '0');
INSERT INTO `map_data` VALUES ('900', '9', '9', '9', '0');
INSERT INTO `map_data` VALUES ('901', '10', '0', '0', '0');
INSERT INTO `map_data` VALUES ('902', '10', '0', '1', '0');
INSERT INTO `map_data` VALUES ('903', '10', '0', '2', '0');
INSERT INTO `map_data` VALUES ('904', '10', '0', '3', '0');
INSERT INTO `map_data` VALUES ('905', '10', '0', '4', '0');
INSERT INTO `map_data` VALUES ('906', '10', '0', '5', '0');
INSERT INTO `map_data` VALUES ('907', '10', '0', '6', '0');
INSERT INTO `map_data` VALUES ('908', '10', '0', '7', '0');
INSERT INTO `map_data` VALUES ('909', '10', '0', '8', '0');
INSERT INTO `map_data` VALUES ('910', '10', '0', '9', '0');
INSERT INTO `map_data` VALUES ('911', '10', '1', '0', '0');
INSERT INTO `map_data` VALUES ('912', '10', '1', '1', '0');
INSERT INTO `map_data` VALUES ('913', '10', '1', '2', '0');
INSERT INTO `map_data` VALUES ('914', '10', '1', '3', '1');
INSERT INTO `map_data` VALUES ('915', '10', '1', '4', '1');
INSERT INTO `map_data` VALUES ('916', '10', '1', '5', '1');
INSERT INTO `map_data` VALUES ('917', '10', '1', '6', '1');
INSERT INTO `map_data` VALUES ('918', '10', '1', '7', '0');
INSERT INTO `map_data` VALUES ('919', '10', '1', '8', '0');
INSERT INTO `map_data` VALUES ('920', '10', '1', '9', '0');
INSERT INTO `map_data` VALUES ('921', '10', '2', '0', '0');
INSERT INTO `map_data` VALUES ('922', '10', '2', '1', '0');
INSERT INTO `map_data` VALUES ('923', '10', '2', '2', '0');
INSERT INTO `map_data` VALUES ('924', '10', '2', '3', '1');
INSERT INTO `map_data` VALUES ('925', '10', '2', '4', '4');
INSERT INTO `map_data` VALUES ('926', '10', '2', '5', '4');
INSERT INTO `map_data` VALUES ('927', '10', '2', '6', '1');
INSERT INTO `map_data` VALUES ('928', '10', '2', '7', '0');
INSERT INTO `map_data` VALUES ('929', '10', '2', '8', '0');
INSERT INTO `map_data` VALUES ('930', '10', '2', '9', '0');
INSERT INTO `map_data` VALUES ('931', '10', '3', '0', '0');
INSERT INTO `map_data` VALUES ('932', '10', '3', '1', '0');
INSERT INTO `map_data` VALUES ('933', '10', '3', '2', '1');
INSERT INTO `map_data` VALUES ('934', '10', '3', '3', '1');
INSERT INTO `map_data` VALUES ('935', '10', '3', '4', '0');
INSERT INTO `map_data` VALUES ('936', '10', '3', '5', '4');
INSERT INTO `map_data` VALUES ('937', '10', '3', '6', '1');
INSERT INTO `map_data` VALUES ('938', '10', '3', '7', '1');
INSERT INTO `map_data` VALUES ('939', '10', '3', '8', '0');
INSERT INTO `map_data` VALUES ('940', '10', '3', '9', '0');
INSERT INTO `map_data` VALUES ('941', '10', '4', '0', '0');
INSERT INTO `map_data` VALUES ('942', '10', '4', '1', '0');
INSERT INTO `map_data` VALUES ('943', '10', '4', '2', '1');
INSERT INTO `map_data` VALUES ('944', '10', '4', '3', '0');
INSERT INTO `map_data` VALUES ('945', '10', '4', '4', '0');
INSERT INTO `map_data` VALUES ('946', '10', '4', '5', '3');
INSERT INTO `map_data` VALUES ('947', '10', '4', '6', '4');
INSERT INTO `map_data` VALUES ('948', '10', '4', '7', '1');
INSERT INTO `map_data` VALUES ('949', '10', '4', '8', '0');
INSERT INTO `map_data` VALUES ('950', '10', '4', '9', '0');
INSERT INTO `map_data` VALUES ('951', '10', '5', '0', '0');
INSERT INTO `map_data` VALUES ('952', '10', '5', '1', '1');
INSERT INTO `map_data` VALUES ('953', '10', '5', '2', '1');
INSERT INTO `map_data` VALUES ('954', '10', '5', '3', '0');
INSERT INTO `map_data` VALUES ('955', '10', '5', '4', '3');
INSERT INTO `map_data` VALUES ('956', '10', '5', '5', '0');
INSERT INTO `map_data` VALUES ('957', '10', '5', '6', '0');
INSERT INTO `map_data` VALUES ('958', '10', '5', '7', '1');
INSERT INTO `map_data` VALUES ('959', '10', '5', '8', '1');
INSERT INTO `map_data` VALUES ('960', '10', '5', '9', '0');
INSERT INTO `map_data` VALUES ('961', '10', '6', '0', '0');
INSERT INTO `map_data` VALUES ('962', '10', '6', '1', '1');
INSERT INTO `map_data` VALUES ('963', '10', '6', '2', '0');
INSERT INTO `map_data` VALUES ('964', '10', '6', '3', '0');
INSERT INTO `map_data` VALUES ('965', '10', '6', '4', '1');
INSERT INTO `map_data` VALUES ('966', '10', '6', '5', '3');
INSERT INTO `map_data` VALUES ('967', '10', '6', '6', '3');
INSERT INTO `map_data` VALUES ('968', '10', '6', '7', '0');
INSERT INTO `map_data` VALUES ('969', '10', '6', '8', '1');
INSERT INTO `map_data` VALUES ('970', '10', '6', '9', '0');
INSERT INTO `map_data` VALUES ('971', '10', '7', '0', '0');
INSERT INTO `map_data` VALUES ('972', '10', '7', '1', '1');
INSERT INTO `map_data` VALUES ('973', '10', '7', '2', '0');
INSERT INTO `map_data` VALUES ('974', '10', '7', '3', '0');
INSERT INTO `map_data` VALUES ('975', '10', '7', '4', '2');
INSERT INTO `map_data` VALUES ('976', '10', '7', '5', '0');
INSERT INTO `map_data` VALUES ('977', '10', '7', '6', '0');
INSERT INTO `map_data` VALUES ('978', '10', '7', '7', '0');
INSERT INTO `map_data` VALUES ('979', '10', '7', '8', '1');
INSERT INTO `map_data` VALUES ('980', '10', '7', '9', '0');
INSERT INTO `map_data` VALUES ('981', '10', '8', '0', '0');
INSERT INTO `map_data` VALUES ('982', '10', '8', '1', '1');
INSERT INTO `map_data` VALUES ('983', '10', '8', '2', '1');
INSERT INTO `map_data` VALUES ('984', '10', '8', '3', '1');
INSERT INTO `map_data` VALUES ('985', '10', '8', '4', '1');
INSERT INTO `map_data` VALUES ('986', '10', '8', '5', '1');
INSERT INTO `map_data` VALUES ('987', '10', '8', '6', '1');
INSERT INTO `map_data` VALUES ('988', '10', '8', '7', '1');
INSERT INTO `map_data` VALUES ('989', '10', '8', '8', '1');
INSERT INTO `map_data` VALUES ('990', '10', '8', '9', '0');
INSERT INTO `map_data` VALUES ('991', '10', '9', '0', '0');
INSERT INTO `map_data` VALUES ('992', '10', '9', '1', '0');
INSERT INTO `map_data` VALUES ('993', '10', '9', '2', '0');
INSERT INTO `map_data` VALUES ('994', '10', '9', '3', '0');
INSERT INTO `map_data` VALUES ('995', '10', '9', '4', '0');
INSERT INTO `map_data` VALUES ('996', '10', '9', '5', '0');
INSERT INTO `map_data` VALUES ('997', '10', '9', '6', '0');
INSERT INTO `map_data` VALUES ('998', '10', '9', '7', '0');
INSERT INTO `map_data` VALUES ('999', '10', '9', '8', '0');
INSERT INTO `map_data` VALUES ('1000', '10', '9', '9', '0');
INSERT INTO `map_data` VALUES ('1001', '11', '0', '0', '0');
INSERT INTO `map_data` VALUES ('1002', '11', '0', '1', '0');
INSERT INTO `map_data` VALUES ('1003', '11', '0', '2', '0');
INSERT INTO `map_data` VALUES ('1004', '11', '0', '3', '0');
INSERT INTO `map_data` VALUES ('1005', '11', '0', '4', '0');
INSERT INTO `map_data` VALUES ('1006', '11', '0', '5', '0');
INSERT INTO `map_data` VALUES ('1007', '11', '0', '6', '0');
INSERT INTO `map_data` VALUES ('1008', '11', '0', '7', '0');
INSERT INTO `map_data` VALUES ('1009', '11', '0', '8', '0');
INSERT INTO `map_data` VALUES ('1010', '11', '0', '9', '0');
INSERT INTO `map_data` VALUES ('1011', '11', '1', '0', '0');
INSERT INTO `map_data` VALUES ('1012', '11', '1', '1', '1');
INSERT INTO `map_data` VALUES ('1013', '11', '1', '2', '1');
INSERT INTO `map_data` VALUES ('1014', '11', '1', '3', '1');
INSERT INTO `map_data` VALUES ('1015', '11', '1', '4', '1');
INSERT INTO `map_data` VALUES ('1016', '11', '1', '5', '1');
INSERT INTO `map_data` VALUES ('1017', '11', '1', '6', '1');
INSERT INTO `map_data` VALUES ('1018', '11', '1', '7', '1');
INSERT INTO `map_data` VALUES ('1019', '11', '1', '8', '1');
INSERT INTO `map_data` VALUES ('1020', '11', '1', '9', '0');
INSERT INTO `map_data` VALUES ('1021', '11', '2', '0', '0');
INSERT INTO `map_data` VALUES ('1022', '11', '2', '1', '1');
INSERT INTO `map_data` VALUES ('1023', '11', '2', '2', '0');
INSERT INTO `map_data` VALUES ('1024', '11', '2', '3', '0');
INSERT INTO `map_data` VALUES ('1025', '11', '2', '4', '1');
INSERT INTO `map_data` VALUES ('1026', '11', '2', '5', '0');
INSERT INTO `map_data` VALUES ('1027', '11', '2', '6', '0');
INSERT INTO `map_data` VALUES ('1028', '11', '2', '7', '0');
INSERT INTO `map_data` VALUES ('1029', '11', '2', '8', '1');
INSERT INTO `map_data` VALUES ('1030', '11', '2', '9', '0');
INSERT INTO `map_data` VALUES ('1031', '11', '3', '0', '0');
INSERT INTO `map_data` VALUES ('1032', '11', '3', '1', '1');
INSERT INTO `map_data` VALUES ('1033', '11', '3', '2', '0');
INSERT INTO `map_data` VALUES ('1034', '11', '3', '3', '3');
INSERT INTO `map_data` VALUES ('1035', '11', '3', '4', '4');
INSERT INTO `map_data` VALUES ('1036', '11', '3', '5', '4');
INSERT INTO `map_data` VALUES ('1037', '11', '3', '6', '3');
INSERT INTO `map_data` VALUES ('1038', '11', '3', '7', '0');
INSERT INTO `map_data` VALUES ('1039', '11', '3', '8', '1');
INSERT INTO `map_data` VALUES ('1040', '11', '3', '9', '0');
INSERT INTO `map_data` VALUES ('1041', '11', '4', '0', '0');
INSERT INTO `map_data` VALUES ('1042', '11', '4', '1', '1');
INSERT INTO `map_data` VALUES ('1043', '11', '4', '2', '2');
INSERT INTO `map_data` VALUES ('1044', '11', '4', '3', '3');
INSERT INTO `map_data` VALUES ('1045', '11', '4', '4', '4');
INSERT INTO `map_data` VALUES ('1046', '11', '4', '5', '7');
INSERT INTO `map_data` VALUES ('1047', '11', '4', '6', '0');
INSERT INTO `map_data` VALUES ('1048', '11', '4', '7', '1');
INSERT INTO `map_data` VALUES ('1049', '11', '4', '8', '1');
INSERT INTO `map_data` VALUES ('1050', '11', '4', '9', '0');
INSERT INTO `map_data` VALUES ('1051', '11', '5', '0', '0');
INSERT INTO `map_data` VALUES ('1052', '11', '5', '1', '1');
INSERT INTO `map_data` VALUES ('1053', '11', '5', '2', '0');
INSERT INTO `map_data` VALUES ('1054', '11', '5', '3', '3');
INSERT INTO `map_data` VALUES ('1055', '11', '5', '4', '4');
INSERT INTO `map_data` VALUES ('1056', '11', '5', '5', '4');
INSERT INTO `map_data` VALUES ('1057', '11', '5', '6', '3');
INSERT INTO `map_data` VALUES ('1058', '11', '5', '7', '0');
INSERT INTO `map_data` VALUES ('1059', '11', '5', '8', '1');
INSERT INTO `map_data` VALUES ('1060', '11', '5', '9', '0');
INSERT INTO `map_data` VALUES ('1061', '11', '6', '0', '0');
INSERT INTO `map_data` VALUES ('1062', '11', '6', '1', '1');
INSERT INTO `map_data` VALUES ('1063', '11', '6', '2', '0');
INSERT INTO `map_data` VALUES ('1064', '11', '6', '3', '0');
INSERT INTO `map_data` VALUES ('1065', '11', '6', '4', '1');
INSERT INTO `map_data` VALUES ('1066', '11', '6', '5', '0');
INSERT INTO `map_data` VALUES ('1067', '11', '6', '6', '0');
INSERT INTO `map_data` VALUES ('1068', '11', '6', '7', '0');
INSERT INTO `map_data` VALUES ('1069', '11', '6', '8', '1');
INSERT INTO `map_data` VALUES ('1070', '11', '6', '9', '0');
INSERT INTO `map_data` VALUES ('1071', '11', '7', '0', '0');
INSERT INTO `map_data` VALUES ('1072', '11', '7', '1', '1');
INSERT INTO `map_data` VALUES ('1073', '11', '7', '2', '1');
INSERT INTO `map_data` VALUES ('1074', '11', '7', '3', '1');
INSERT INTO `map_data` VALUES ('1075', '11', '7', '4', '1');
INSERT INTO `map_data` VALUES ('1076', '11', '7', '5', '1');
INSERT INTO `map_data` VALUES ('1077', '11', '7', '6', '1');
INSERT INTO `map_data` VALUES ('1078', '11', '7', '7', '1');
INSERT INTO `map_data` VALUES ('1079', '11', '7', '8', '1');
INSERT INTO `map_data` VALUES ('1080', '11', '7', '9', '0');
INSERT INTO `map_data` VALUES ('1081', '11', '8', '0', '0');
INSERT INTO `map_data` VALUES ('1082', '11', '8', '1', '0');
INSERT INTO `map_data` VALUES ('1083', '11', '8', '2', '0');
INSERT INTO `map_data` VALUES ('1084', '11', '8', '3', '0');
INSERT INTO `map_data` VALUES ('1085', '11', '8', '4', '0');
INSERT INTO `map_data` VALUES ('1086', '11', '8', '5', '0');
INSERT INTO `map_data` VALUES ('1087', '11', '8', '6', '0');
INSERT INTO `map_data` VALUES ('1088', '11', '8', '7', '0');
INSERT INTO `map_data` VALUES ('1089', '11', '8', '8', '0');
INSERT INTO `map_data` VALUES ('1090', '11', '8', '9', '0');
INSERT INTO `map_data` VALUES ('1091', '11', '9', '0', '0');
INSERT INTO `map_data` VALUES ('1092', '11', '9', '1', '0');
INSERT INTO `map_data` VALUES ('1093', '11', '9', '2', '0');
INSERT INTO `map_data` VALUES ('1094', '11', '9', '3', '0');
INSERT INTO `map_data` VALUES ('1095', '11', '9', '4', '0');
INSERT INTO `map_data` VALUES ('1096', '11', '9', '5', '0');
INSERT INTO `map_data` VALUES ('1097', '11', '9', '6', '0');
INSERT INTO `map_data` VALUES ('1098', '11', '9', '7', '0');
INSERT INTO `map_data` VALUES ('1099', '11', '9', '8', '0');
INSERT INTO `map_data` VALUES ('1100', '11', '9', '9', '0');
INSERT INTO `map_data` VALUES ('1101', '12', '0', '0', '0');
INSERT INTO `map_data` VALUES ('1102', '12', '0', '1', '0');
INSERT INTO `map_data` VALUES ('1103', '12', '0', '2', '0');
INSERT INTO `map_data` VALUES ('1104', '12', '0', '3', '0');
INSERT INTO `map_data` VALUES ('1105', '12', '0', '4', '0');
INSERT INTO `map_data` VALUES ('1106', '12', '0', '5', '0');
INSERT INTO `map_data` VALUES ('1107', '12', '0', '6', '0');
INSERT INTO `map_data` VALUES ('1108', '12', '0', '7', '0');
INSERT INTO `map_data` VALUES ('1109', '12', '0', '8', '0');
INSERT INTO `map_data` VALUES ('1110', '12', '0', '9', '0');
INSERT INTO `map_data` VALUES ('1111', '12', '1', '0', '0');
INSERT INTO `map_data` VALUES ('1112', '12', '1', '1', '0');
INSERT INTO `map_data` VALUES ('1113', '12', '1', '2', '1');
INSERT INTO `map_data` VALUES ('1114', '12', '1', '3', '1');
INSERT INTO `map_data` VALUES ('1115', '12', '1', '4', '1');
INSERT INTO `map_data` VALUES ('1116', '12', '1', '5', '1');
INSERT INTO `map_data` VALUES ('1117', '12', '1', '6', '1');
INSERT INTO `map_data` VALUES ('1118', '12', '1', '7', '1');
INSERT INTO `map_data` VALUES ('1119', '12', '1', '8', '0');
INSERT INTO `map_data` VALUES ('1120', '12', '1', '9', '0');
INSERT INTO `map_data` VALUES ('1121', '12', '2', '0', '0');
INSERT INTO `map_data` VALUES ('1122', '12', '2', '1', '0');
INSERT INTO `map_data` VALUES ('1123', '12', '2', '2', '1');
INSERT INTO `map_data` VALUES ('1124', '12', '2', '3', '0');
INSERT INTO `map_data` VALUES ('1125', '12', '2', '4', '0');
INSERT INTO `map_data` VALUES ('1126', '12', '2', '5', '0');
INSERT INTO `map_data` VALUES ('1127', '12', '2', '6', '1');
INSERT INTO `map_data` VALUES ('1128', '12', '2', '7', '1');
INSERT INTO `map_data` VALUES ('1129', '12', '2', '8', '1');
INSERT INTO `map_data` VALUES ('1130', '12', '2', '9', '0');
INSERT INTO `map_data` VALUES ('1131', '12', '3', '0', '0');
INSERT INTO `map_data` VALUES ('1132', '12', '3', '1', '0');
INSERT INTO `map_data` VALUES ('1133', '12', '3', '2', '1');
INSERT INTO `map_data` VALUES ('1134', '12', '3', '3', '0');
INSERT INTO `map_data` VALUES ('1135', '12', '3', '4', '3');
INSERT INTO `map_data` VALUES ('1136', '12', '3', '5', '0');
INSERT INTO `map_data` VALUES ('1137', '12', '3', '6', '0');
INSERT INTO `map_data` VALUES ('1138', '12', '3', '7', '0');
INSERT INTO `map_data` VALUES ('1139', '12', '3', '8', '1');
INSERT INTO `map_data` VALUES ('1140', '12', '3', '9', '0');
INSERT INTO `map_data` VALUES ('1141', '12', '4', '0', '1');
INSERT INTO `map_data` VALUES ('1142', '12', '4', '1', '1');
INSERT INTO `map_data` VALUES ('1143', '12', '4', '2', '1');
INSERT INTO `map_data` VALUES ('1144', '12', '4', '3', '0');
INSERT INTO `map_data` VALUES ('1145', '12', '4', '4', '3');
INSERT INTO `map_data` VALUES ('1146', '12', '4', '5', '0');
INSERT INTO `map_data` VALUES ('1147', '12', '4', '6', '1');
INSERT INTO `map_data` VALUES ('1148', '12', '4', '7', '1');
INSERT INTO `map_data` VALUES ('1149', '12', '4', '8', '0');
INSERT INTO `map_data` VALUES ('1150', '12', '4', '9', '1');
INSERT INTO `map_data` VALUES ('1151', '12', '5', '0', '1');
INSERT INTO `map_data` VALUES ('1152', '12', '5', '1', '4');
INSERT INTO `map_data` VALUES ('1153', '12', '5', '2', '4');
INSERT INTO `map_data` VALUES ('1154', '12', '5', '3', '4');
INSERT INTO `map_data` VALUES ('1155', '12', '5', '4', '0');
INSERT INTO `map_data` VALUES ('1156', '12', '5', '5', '3');
INSERT INTO `map_data` VALUES ('1157', '12', '5', '6', '0');
INSERT INTO `map_data` VALUES ('1158', '12', '5', '7', '0');
INSERT INTO `map_data` VALUES ('1159', '12', '5', '8', '0');
INSERT INTO `map_data` VALUES ('1160', '12', '5', '9', '1');
INSERT INTO `map_data` VALUES ('1161', '12', '6', '0', '1');
INSERT INTO `map_data` VALUES ('1162', '12', '6', '1', '4');
INSERT INTO `map_data` VALUES ('1163', '12', '6', '2', '4');
INSERT INTO `map_data` VALUES ('1164', '12', '6', '3', '4');
INSERT INTO `map_data` VALUES ('1165', '12', '6', '4', '3');
INSERT INTO `map_data` VALUES ('1166', '12', '6', '5', '1');
INSERT INTO `map_data` VALUES ('1167', '12', '6', '6', '3');
INSERT INTO `map_data` VALUES ('1168', '12', '6', '7', '0');
INSERT INTO `map_data` VALUES ('1169', '12', '6', '8', '1');
INSERT INTO `map_data` VALUES ('1170', '12', '6', '9', '1');
INSERT INTO `map_data` VALUES ('1171', '12', '7', '0', '1');
INSERT INTO `map_data` VALUES ('1172', '12', '7', '1', '1');
INSERT INTO `map_data` VALUES ('1173', '12', '7', '2', '1');
INSERT INTO `map_data` VALUES ('1174', '12', '7', '3', '1');
INSERT INTO `map_data` VALUES ('1175', '12', '7', '4', '0');
INSERT INTO `map_data` VALUES ('1176', '12', '7', '5', '1');
INSERT INTO `map_data` VALUES ('1177', '12', '7', '6', '0');
INSERT INTO `map_data` VALUES ('1178', '12', '7', '7', '3');
INSERT INTO `map_data` VALUES ('1179', '12', '7', '8', '0');
INSERT INTO `map_data` VALUES ('1180', '12', '7', '9', '1');
INSERT INTO `map_data` VALUES ('1181', '12', '8', '0', '0');
INSERT INTO `map_data` VALUES ('1182', '12', '8', '1', '0');
INSERT INTO `map_data` VALUES ('1183', '12', '8', '2', '0');
INSERT INTO `map_data` VALUES ('1184', '12', '8', '3', '1');
INSERT INTO `map_data` VALUES ('1185', '12', '8', '4', '0');
INSERT INTO `map_data` VALUES ('1186', '12', '8', '5', '0');
INSERT INTO `map_data` VALUES ('1187', '12', '8', '6', '2');
INSERT INTO `map_data` VALUES ('1188', '12', '8', '7', '0');
INSERT INTO `map_data` VALUES ('1189', '12', '8', '8', '0');
INSERT INTO `map_data` VALUES ('1190', '12', '8', '9', '1');
INSERT INTO `map_data` VALUES ('1191', '12', '9', '0', '0');
INSERT INTO `map_data` VALUES ('1192', '12', '9', '1', '0');
INSERT INTO `map_data` VALUES ('1193', '12', '9', '2', '0');
INSERT INTO `map_data` VALUES ('1194', '12', '9', '3', '1');
INSERT INTO `map_data` VALUES ('1195', '12', '9', '4', '1');
INSERT INTO `map_data` VALUES ('1196', '12', '9', '5', '1');
INSERT INTO `map_data` VALUES ('1197', '12', '9', '6', '1');
INSERT INTO `map_data` VALUES ('1198', '12', '9', '7', '1');
INSERT INTO `map_data` VALUES ('1199', '12', '9', '8', '1');
INSERT INTO `map_data` VALUES ('1200', '12', '9', '9', '1');
INSERT INTO `map_data` VALUES ('1201', '13', '0', '0', '0');
INSERT INTO `map_data` VALUES ('1202', '13', '0', '1', '0');
INSERT INTO `map_data` VALUES ('1203', '13', '0', '2', '0');
INSERT INTO `map_data` VALUES ('1204', '13', '0', '3', '0');
INSERT INTO `map_data` VALUES ('1205', '13', '0', '4', '0');
INSERT INTO `map_data` VALUES ('1206', '13', '0', '5', '0');
INSERT INTO `map_data` VALUES ('1207', '13', '0', '6', '0');
INSERT INTO `map_data` VALUES ('1208', '13', '0', '7', '0');
INSERT INTO `map_data` VALUES ('1209', '13', '0', '8', '0');
INSERT INTO `map_data` VALUES ('1210', '13', '0', '9', '0');
INSERT INTO `map_data` VALUES ('1211', '13', '1', '0', '0');
INSERT INTO `map_data` VALUES ('1212', '13', '1', '1', '1');
INSERT INTO `map_data` VALUES ('1213', '13', '1', '2', '1');
INSERT INTO `map_data` VALUES ('1214', '13', '1', '3', '1');
INSERT INTO `map_data` VALUES ('1215', '13', '1', '4', '1');
INSERT INTO `map_data` VALUES ('1216', '13', '1', '5', '1');
INSERT INTO `map_data` VALUES ('1217', '13', '1', '6', '1');
INSERT INTO `map_data` VALUES ('1218', '13', '1', '7', '0');
INSERT INTO `map_data` VALUES ('1219', '13', '1', '8', '0');
INSERT INTO `map_data` VALUES ('1220', '13', '1', '9', '0');
INSERT INTO `map_data` VALUES ('1221', '13', '2', '0', '0');
INSERT INTO `map_data` VALUES ('1222', '13', '2', '1', '1');
INSERT INTO `map_data` VALUES ('1223', '13', '2', '2', '0');
INSERT INTO `map_data` VALUES ('1224', '13', '2', '3', '0');
INSERT INTO `map_data` VALUES ('1225', '13', '2', '4', '0');
INSERT INTO `map_data` VALUES ('1226', '13', '2', '5', '0');
INSERT INTO `map_data` VALUES ('1227', '13', '2', '6', '1');
INSERT INTO `map_data` VALUES ('1228', '13', '2', '7', '0');
INSERT INTO `map_data` VALUES ('1229', '13', '2', '8', '0');
INSERT INTO `map_data` VALUES ('1230', '13', '2', '9', '0');
INSERT INTO `map_data` VALUES ('1231', '13', '3', '0', '0');
INSERT INTO `map_data` VALUES ('1232', '13', '3', '1', '1');
INSERT INTO `map_data` VALUES ('1233', '13', '3', '2', '0');
INSERT INTO `map_data` VALUES ('1234', '13', '3', '3', '3');
INSERT INTO `map_data` VALUES ('1235', '13', '3', '4', '3');
INSERT INTO `map_data` VALUES ('1236', '13', '3', '5', '3');
INSERT INTO `map_data` VALUES ('1237', '13', '3', '6', '1');
INSERT INTO `map_data` VALUES ('1238', '13', '3', '7', '1');
INSERT INTO `map_data` VALUES ('1239', '13', '3', '8', '0');
INSERT INTO `map_data` VALUES ('1240', '13', '3', '9', '0');
INSERT INTO `map_data` VALUES ('1241', '13', '4', '0', '0');
INSERT INTO `map_data` VALUES ('1242', '13', '4', '1', '1');
INSERT INTO `map_data` VALUES ('1243', '13', '4', '2', '0');
INSERT INTO `map_data` VALUES ('1244', '13', '4', '3', '0');
INSERT INTO `map_data` VALUES ('1245', '13', '4', '4', '1');
INSERT INTO `map_data` VALUES ('1246', '13', '4', '5', '4');
INSERT INTO `map_data` VALUES ('1247', '13', '4', '6', '4');
INSERT INTO `map_data` VALUES ('1248', '13', '4', '7', '1');
INSERT INTO `map_data` VALUES ('1249', '13', '4', '8', '1');
INSERT INTO `map_data` VALUES ('1250', '13', '4', '9', '1');
INSERT INTO `map_data` VALUES ('1251', '13', '5', '0', '0');
INSERT INTO `map_data` VALUES ('1252', '13', '5', '1', '1');
INSERT INTO `map_data` VALUES ('1253', '13', '5', '2', '1');
INSERT INTO `map_data` VALUES ('1254', '13', '5', '3', '0');
INSERT INTO `map_data` VALUES ('1255', '13', '5', '4', '0');
INSERT INTO `map_data` VALUES ('1256', '13', '5', '5', '4');
INSERT INTO `map_data` VALUES ('1257', '13', '5', '6', '4');
INSERT INTO `map_data` VALUES ('1258', '13', '5', '7', '3');
INSERT INTO `map_data` VALUES ('1259', '13', '5', '8', '0');
INSERT INTO `map_data` VALUES ('1260', '13', '5', '9', '1');
INSERT INTO `map_data` VALUES ('1261', '13', '6', '0', '0');
INSERT INTO `map_data` VALUES ('1262', '13', '6', '1', '0');
INSERT INTO `map_data` VALUES ('1263', '13', '6', '2', '1');
INSERT INTO `map_data` VALUES ('1264', '13', '6', '3', '0');
INSERT INTO `map_data` VALUES ('1265', '13', '6', '4', '2');
INSERT INTO `map_data` VALUES ('1266', '13', '6', '5', '0');
INSERT INTO `map_data` VALUES ('1267', '13', '6', '6', '0');
INSERT INTO `map_data` VALUES ('1268', '13', '6', '7', '0');
INSERT INTO `map_data` VALUES ('1269', '13', '6', '8', '0');
INSERT INTO `map_data` VALUES ('1270', '13', '6', '9', '1');
INSERT INTO `map_data` VALUES ('1271', '13', '7', '0', '0');
INSERT INTO `map_data` VALUES ('1272', '13', '7', '1', '0');
INSERT INTO `map_data` VALUES ('1273', '13', '7', '2', '1');
INSERT INTO `map_data` VALUES ('1274', '13', '7', '3', '1');
INSERT INTO `map_data` VALUES ('1275', '13', '7', '4', '1');
INSERT INTO `map_data` VALUES ('1276', '13', '7', '5', '1');
INSERT INTO `map_data` VALUES ('1277', '13', '7', '6', '1');
INSERT INTO `map_data` VALUES ('1278', '13', '7', '7', '1');
INSERT INTO `map_data` VALUES ('1279', '13', '7', '8', '1');
INSERT INTO `map_data` VALUES ('1280', '13', '7', '9', '1');
INSERT INTO `map_data` VALUES ('1281', '13', '8', '0', '0');
INSERT INTO `map_data` VALUES ('1282', '13', '8', '1', '0');
INSERT INTO `map_data` VALUES ('1283', '13', '8', '2', '0');
INSERT INTO `map_data` VALUES ('1284', '13', '8', '3', '0');
INSERT INTO `map_data` VALUES ('1285', '13', '8', '4', '0');
INSERT INTO `map_data` VALUES ('1286', '13', '8', '5', '0');
INSERT INTO `map_data` VALUES ('1287', '13', '8', '6', '0');
INSERT INTO `map_data` VALUES ('1288', '13', '8', '7', '0');
INSERT INTO `map_data` VALUES ('1289', '13', '8', '8', '0');
INSERT INTO `map_data` VALUES ('1290', '13', '8', '9', '0');
INSERT INTO `map_data` VALUES ('1291', '13', '9', '0', '0');
INSERT INTO `map_data` VALUES ('1292', '13', '9', '1', '0');
INSERT INTO `map_data` VALUES ('1293', '13', '9', '2', '0');
INSERT INTO `map_data` VALUES ('1294', '13', '9', '3', '0');
INSERT INTO `map_data` VALUES ('1295', '13', '9', '4', '0');
INSERT INTO `map_data` VALUES ('1296', '13', '9', '5', '0');
INSERT INTO `map_data` VALUES ('1297', '13', '9', '6', '0');
INSERT INTO `map_data` VALUES ('1298', '13', '9', '7', '0');
INSERT INTO `map_data` VALUES ('1299', '13', '9', '8', '0');
INSERT INTO `map_data` VALUES ('1300', '13', '9', '9', '0');
INSERT INTO `map_data` VALUES ('1301', '14', '0', '0', '0');
INSERT INTO `map_data` VALUES ('1302', '14', '0', '1', '0');
INSERT INTO `map_data` VALUES ('1303', '14', '0', '2', '1');
INSERT INTO `map_data` VALUES ('1304', '14', '0', '3', '1');
INSERT INTO `map_data` VALUES ('1305', '14', '0', '4', '1');
INSERT INTO `map_data` VALUES ('1306', '14', '0', '5', '1');
INSERT INTO `map_data` VALUES ('1307', '14', '0', '6', '1');
INSERT INTO `map_data` VALUES ('1308', '14', '0', '7', '1');
INSERT INTO `map_data` VALUES ('1309', '14', '0', '8', '1');
INSERT INTO `map_data` VALUES ('1310', '14', '0', '9', '1');
INSERT INTO `map_data` VALUES ('1311', '14', '1', '0', '0');
INSERT INTO `map_data` VALUES ('1312', '14', '1', '1', '0');
INSERT INTO `map_data` VALUES ('1313', '14', '1', '2', '1');
INSERT INTO `map_data` VALUES ('1314', '14', '1', '3', '0');
INSERT INTO `map_data` VALUES ('1315', '14', '1', '4', '0');
INSERT INTO `map_data` VALUES ('1316', '14', '1', '5', '0');
INSERT INTO `map_data` VALUES ('1317', '14', '1', '6', '1');
INSERT INTO `map_data` VALUES ('1318', '14', '1', '7', '4');
INSERT INTO `map_data` VALUES ('1319', '14', '1', '8', '0');
INSERT INTO `map_data` VALUES ('1320', '14', '1', '9', '1');
INSERT INTO `map_data` VALUES ('1321', '14', '2', '0', '0');
INSERT INTO `map_data` VALUES ('1322', '14', '2', '1', '1');
INSERT INTO `map_data` VALUES ('1323', '14', '2', '2', '1');
INSERT INTO `map_data` VALUES ('1324', '14', '2', '3', '0');
INSERT INTO `map_data` VALUES ('1325', '14', '2', '4', '0');
INSERT INTO `map_data` VALUES ('1326', '14', '2', '5', '3');
INSERT INTO `map_data` VALUES ('1327', '14', '2', '6', '4');
INSERT INTO `map_data` VALUES ('1328', '14', '2', '7', '4');
INSERT INTO `map_data` VALUES ('1329', '14', '2', '8', '4');
INSERT INTO `map_data` VALUES ('1330', '14', '2', '9', '1');
INSERT INTO `map_data` VALUES ('1331', '14', '3', '0', '0');
INSERT INTO `map_data` VALUES ('1332', '14', '3', '1', '1');
INSERT INTO `map_data` VALUES ('1333', '14', '3', '2', '0');
INSERT INTO `map_data` VALUES ('1334', '14', '3', '3', '0');
INSERT INTO `map_data` VALUES ('1335', '14', '3', '4', '3');
INSERT INTO `map_data` VALUES ('1336', '14', '3', '5', '0');
INSERT INTO `map_data` VALUES ('1337', '14', '3', '6', '1');
INSERT INTO `map_data` VALUES ('1338', '14', '3', '7', '7');
INSERT INTO `map_data` VALUES ('1339', '14', '3', '8', '4');
INSERT INTO `map_data` VALUES ('1340', '14', '3', '9', '1');
INSERT INTO `map_data` VALUES ('1341', '14', '4', '0', '1');
INSERT INTO `map_data` VALUES ('1342', '14', '4', '1', '1');
INSERT INTO `map_data` VALUES ('1343', '14', '4', '2', '0');
INSERT INTO `map_data` VALUES ('1344', '14', '4', '3', '1');
INSERT INTO `map_data` VALUES ('1345', '14', '4', '4', '1');
INSERT INTO `map_data` VALUES ('1346', '14', '4', '5', '3');
INSERT INTO `map_data` VALUES ('1347', '14', '4', '6', '1');
INSERT INTO `map_data` VALUES ('1348', '14', '4', '7', '0');
INSERT INTO `map_data` VALUES ('1349', '14', '4', '8', '1');
INSERT INTO `map_data` VALUES ('1350', '14', '4', '9', '1');
INSERT INTO `map_data` VALUES ('1351', '14', '5', '0', '1');
INSERT INTO `map_data` VALUES ('1352', '14', '5', '1', '0');
INSERT INTO `map_data` VALUES ('1353', '14', '5', '2', '0');
INSERT INTO `map_data` VALUES ('1354', '14', '5', '3', '0');
INSERT INTO `map_data` VALUES ('1355', '14', '5', '4', '3');
INSERT INTO `map_data` VALUES ('1356', '14', '5', '5', '0');
INSERT INTO `map_data` VALUES ('1357', '14', '5', '6', '0');
INSERT INTO `map_data` VALUES ('1358', '14', '5', '7', '3');
INSERT INTO `map_data` VALUES ('1359', '14', '5', '8', '0');
INSERT INTO `map_data` VALUES ('1360', '14', '5', '9', '1');
INSERT INTO `map_data` VALUES ('1361', '14', '6', '0', '1');
INSERT INTO `map_data` VALUES ('1362', '14', '6', '1', '0');
INSERT INTO `map_data` VALUES ('1363', '14', '6', '2', '0');
INSERT INTO `map_data` VALUES ('1364', '14', '6', '3', '0');
INSERT INTO `map_data` VALUES ('1365', '14', '6', '4', '1');
INSERT INTO `map_data` VALUES ('1366', '14', '6', '5', '0');
INSERT INTO `map_data` VALUES ('1367', '14', '6', '6', '0');
INSERT INTO `map_data` VALUES ('1368', '14', '6', '7', '0');
INSERT INTO `map_data` VALUES ('1369', '14', '6', '8', '0');
INSERT INTO `map_data` VALUES ('1370', '14', '6', '9', '1');
INSERT INTO `map_data` VALUES ('1371', '14', '7', '0', '1');
INSERT INTO `map_data` VALUES ('1372', '14', '7', '1', '1');
INSERT INTO `map_data` VALUES ('1373', '14', '7', '2', '1');
INSERT INTO `map_data` VALUES ('1374', '14', '7', '3', '1');
INSERT INTO `map_data` VALUES ('1375', '14', '7', '4', '1');
INSERT INTO `map_data` VALUES ('1376', '14', '7', '5', '1');
INSERT INTO `map_data` VALUES ('1377', '14', '7', '6', '1');
INSERT INTO `map_data` VALUES ('1378', '14', '7', '7', '2');
INSERT INTO `map_data` VALUES ('1379', '14', '7', '8', '0');
INSERT INTO `map_data` VALUES ('1380', '14', '7', '9', '1');
INSERT INTO `map_data` VALUES ('1381', '14', '8', '0', '0');
INSERT INTO `map_data` VALUES ('1382', '14', '8', '1', '0');
INSERT INTO `map_data` VALUES ('1383', '14', '8', '2', '0');
INSERT INTO `map_data` VALUES ('1384', '14', '8', '3', '0');
INSERT INTO `map_data` VALUES ('1385', '14', '8', '4', '0');
INSERT INTO `map_data` VALUES ('1386', '14', '8', '5', '0');
INSERT INTO `map_data` VALUES ('1387', '14', '8', '6', '1');
INSERT INTO `map_data` VALUES ('1388', '14', '8', '7', '1');
INSERT INTO `map_data` VALUES ('1389', '14', '8', '8', '1');
INSERT INTO `map_data` VALUES ('1390', '14', '8', '9', '1');
INSERT INTO `map_data` VALUES ('1391', '14', '9', '0', '0');
INSERT INTO `map_data` VALUES ('1392', '14', '9', '1', '0');
INSERT INTO `map_data` VALUES ('1393', '14', '9', '2', '0');
INSERT INTO `map_data` VALUES ('1394', '14', '9', '3', '0');
INSERT INTO `map_data` VALUES ('1395', '14', '9', '4', '0');
INSERT INTO `map_data` VALUES ('1396', '14', '9', '5', '0');
INSERT INTO `map_data` VALUES ('1397', '14', '9', '6', '0');
INSERT INTO `map_data` VALUES ('1398', '14', '9', '7', '0');
INSERT INTO `map_data` VALUES ('1399', '14', '9', '8', '0');
INSERT INTO `map_data` VALUES ('1400', '14', '9', '9', '0');
INSERT INTO `map_data` VALUES ('1401', '15', '0', '0', '0');
INSERT INTO `map_data` VALUES ('1402', '15', '0', '1', '0');
INSERT INTO `map_data` VALUES ('1403', '15', '0', '2', '0');
INSERT INTO `map_data` VALUES ('1404', '15', '0', '3', '0');
INSERT INTO `map_data` VALUES ('1405', '15', '0', '4', '0');
INSERT INTO `map_data` VALUES ('1406', '15', '0', '5', '0');
INSERT INTO `map_data` VALUES ('1407', '15', '0', '6', '0');
INSERT INTO `map_data` VALUES ('1408', '15', '0', '7', '0');
INSERT INTO `map_data` VALUES ('1409', '15', '0', '8', '0');
INSERT INTO `map_data` VALUES ('1410', '15', '0', '9', '0');
INSERT INTO `map_data` VALUES ('1411', '15', '1', '0', '0');
INSERT INTO `map_data` VALUES ('1412', '15', '1', '1', '1');
INSERT INTO `map_data` VALUES ('1413', '15', '1', '2', '1');
INSERT INTO `map_data` VALUES ('1414', '15', '1', '3', '1');
INSERT INTO `map_data` VALUES ('1415', '15', '1', '4', '1');
INSERT INTO `map_data` VALUES ('1416', '15', '1', '5', '1');
INSERT INTO `map_data` VALUES ('1417', '15', '1', '6', '1');
INSERT INTO `map_data` VALUES ('1418', '15', '1', '7', '1');
INSERT INTO `map_data` VALUES ('1419', '15', '1', '8', '0');
INSERT INTO `map_data` VALUES ('1420', '15', '1', '9', '0');
INSERT INTO `map_data` VALUES ('1421', '15', '2', '0', '0');
INSERT INTO `map_data` VALUES ('1422', '15', '2', '1', '1');
INSERT INTO `map_data` VALUES ('1423', '15', '2', '2', '4');
INSERT INTO `map_data` VALUES ('1424', '15', '2', '3', '4');
INSERT INTO `map_data` VALUES ('1425', '15', '2', '4', '4');
INSERT INTO `map_data` VALUES ('1426', '15', '2', '5', '4');
INSERT INTO `map_data` VALUES ('1427', '15', '2', '6', '0');
INSERT INTO `map_data` VALUES ('1428', '15', '2', '7', '1');
INSERT INTO `map_data` VALUES ('1429', '15', '2', '8', '0');
INSERT INTO `map_data` VALUES ('1430', '15', '2', '9', '0');
INSERT INTO `map_data` VALUES ('1431', '15', '3', '0', '1');
INSERT INTO `map_data` VALUES ('1432', '15', '3', '1', '1');
INSERT INTO `map_data` VALUES ('1433', '15', '3', '2', '1');
INSERT INTO `map_data` VALUES ('1434', '15', '3', '3', '4');
INSERT INTO `map_data` VALUES ('1435', '15', '3', '4', '4');
INSERT INTO `map_data` VALUES ('1436', '15', '3', '5', '4');
INSERT INTO `map_data` VALUES ('1437', '15', '3', '6', '3');
INSERT INTO `map_data` VALUES ('1438', '15', '3', '7', '1');
INSERT INTO `map_data` VALUES ('1439', '15', '3', '8', '1');
INSERT INTO `map_data` VALUES ('1440', '15', '3', '9', '1');
INSERT INTO `map_data` VALUES ('1441', '15', '4', '0', '1');
INSERT INTO `map_data` VALUES ('1442', '15', '4', '1', '0');
INSERT INTO `map_data` VALUES ('1443', '15', '4', '2', '0');
INSERT INTO `map_data` VALUES ('1444', '15', '4', '3', '3');
INSERT INTO `map_data` VALUES ('1445', '15', '4', '4', '1');
INSERT INTO `map_data` VALUES ('1446', '15', '4', '5', '3');
INSERT INTO `map_data` VALUES ('1447', '15', '4', '6', '0');
INSERT INTO `map_data` VALUES ('1448', '15', '4', '7', '3');
INSERT INTO `map_data` VALUES ('1449', '15', '4', '8', '0');
INSERT INTO `map_data` VALUES ('1450', '15', '4', '9', '1');
INSERT INTO `map_data` VALUES ('1451', '15', '5', '0', '1');
INSERT INTO `map_data` VALUES ('1452', '15', '5', '1', '0');
INSERT INTO `map_data` VALUES ('1453', '15', '5', '2', '3');
INSERT INTO `map_data` VALUES ('1454', '15', '5', '3', '3');
INSERT INTO `map_data` VALUES ('1455', '15', '5', '4', '0');
INSERT INTO `map_data` VALUES ('1456', '15', '5', '5', '0');
INSERT INTO `map_data` VALUES ('1457', '15', '5', '6', '1');
INSERT INTO `map_data` VALUES ('1458', '15', '5', '7', '3');
INSERT INTO `map_data` VALUES ('1459', '15', '5', '8', '0');
INSERT INTO `map_data` VALUES ('1460', '15', '5', '9', '1');
INSERT INTO `map_data` VALUES ('1461', '15', '6', '0', '1');
INSERT INTO `map_data` VALUES ('1462', '15', '6', '1', '0');
INSERT INTO `map_data` VALUES ('1463', '15', '6', '2', '0');
INSERT INTO `map_data` VALUES ('1464', '15', '6', '3', '0');
INSERT INTO `map_data` VALUES ('1465', '15', '6', '4', '0');
INSERT INTO `map_data` VALUES ('1466', '15', '6', '5', '1');
INSERT INTO `map_data` VALUES ('1467', '15', '6', '6', '0');
INSERT INTO `map_data` VALUES ('1468', '15', '6', '7', '0');
INSERT INTO `map_data` VALUES ('1469', '15', '6', '8', '0');
INSERT INTO `map_data` VALUES ('1470', '15', '6', '9', '1');
INSERT INTO `map_data` VALUES ('1471', '15', '7', '0', '1');
INSERT INTO `map_data` VALUES ('1472', '15', '7', '1', '1');
INSERT INTO `map_data` VALUES ('1473', '15', '7', '2', '1');
INSERT INTO `map_data` VALUES ('1474', '15', '7', '3', '1');
INSERT INTO `map_data` VALUES ('1475', '15', '7', '4', '2');
INSERT INTO `map_data` VALUES ('1476', '15', '7', '5', '0');
INSERT INTO `map_data` VALUES ('1477', '15', '7', '6', '0');
INSERT INTO `map_data` VALUES ('1478', '15', '7', '7', '1');
INSERT INTO `map_data` VALUES ('1479', '15', '7', '8', '1');
INSERT INTO `map_data` VALUES ('1480', '15', '7', '9', '1');
INSERT INTO `map_data` VALUES ('1481', '15', '8', '0', '0');
INSERT INTO `map_data` VALUES ('1482', '15', '8', '1', '0');
INSERT INTO `map_data` VALUES ('1483', '15', '8', '2', '0');
INSERT INTO `map_data` VALUES ('1484', '15', '8', '3', '1');
INSERT INTO `map_data` VALUES ('1485', '15', '8', '4', '1');
INSERT INTO `map_data` VALUES ('1486', '15', '8', '5', '1');
INSERT INTO `map_data` VALUES ('1487', '15', '8', '6', '1');
INSERT INTO `map_data` VALUES ('1488', '15', '8', '7', '1');
INSERT INTO `map_data` VALUES ('1489', '15', '8', '8', '0');
INSERT INTO `map_data` VALUES ('1490', '15', '8', '9', '0');
INSERT INTO `map_data` VALUES ('1491', '15', '9', '0', '0');
INSERT INTO `map_data` VALUES ('1492', '15', '9', '1', '0');
INSERT INTO `map_data` VALUES ('1493', '15', '9', '2', '0');
INSERT INTO `map_data` VALUES ('1494', '15', '9', '3', '0');
INSERT INTO `map_data` VALUES ('1495', '15', '9', '4', '0');
INSERT INTO `map_data` VALUES ('1496', '15', '9', '5', '0');
INSERT INTO `map_data` VALUES ('1497', '15', '9', '6', '0');
INSERT INTO `map_data` VALUES ('1498', '15', '9', '7', '0');
INSERT INTO `map_data` VALUES ('1499', '15', '9', '8', '0');
INSERT INTO `map_data` VALUES ('1500', '15', '9', '9', '0');
INSERT INTO `map_data` VALUES ('1501', '16', '0', '0', '0');
INSERT INTO `map_data` VALUES ('1502', '16', '0', '1', '0');
INSERT INTO `map_data` VALUES ('1503', '16', '0', '2', '0');
INSERT INTO `map_data` VALUES ('1504', '16', '0', '3', '0');
INSERT INTO `map_data` VALUES ('1505', '16', '0', '4', '0');
INSERT INTO `map_data` VALUES ('1506', '16', '0', '5', '0');
INSERT INTO `map_data` VALUES ('1507', '16', '0', '6', '0');
INSERT INTO `map_data` VALUES ('1508', '16', '0', '7', '0');
INSERT INTO `map_data` VALUES ('1509', '16', '0', '8', '0');
INSERT INTO `map_data` VALUES ('1510', '16', '0', '9', '0');
INSERT INTO `map_data` VALUES ('1511', '16', '1', '0', '0');
INSERT INTO `map_data` VALUES ('1512', '16', '1', '1', '1');
INSERT INTO `map_data` VALUES ('1513', '16', '1', '2', '1');
INSERT INTO `map_data` VALUES ('1514', '16', '1', '3', '1');
INSERT INTO `map_data` VALUES ('1515', '16', '1', '4', '1');
INSERT INTO `map_data` VALUES ('1516', '16', '1', '5', '1');
INSERT INTO `map_data` VALUES ('1517', '16', '1', '6', '1');
INSERT INTO `map_data` VALUES ('1518', '16', '1', '7', '1');
INSERT INTO `map_data` VALUES ('1519', '16', '1', '8', '0');
INSERT INTO `map_data` VALUES ('1520', '16', '1', '9', '0');
INSERT INTO `map_data` VALUES ('1521', '16', '2', '0', '0');
INSERT INTO `map_data` VALUES ('1522', '16', '2', '1', '1');
INSERT INTO `map_data` VALUES ('1523', '16', '2', '2', '4');
INSERT INTO `map_data` VALUES ('1524', '16', '2', '3', '4');
INSERT INTO `map_data` VALUES ('1525', '16', '2', '4', '3');
INSERT INTO `map_data` VALUES ('1526', '16', '2', '5', '4');
INSERT INTO `map_data` VALUES ('1527', '16', '2', '6', '4');
INSERT INTO `map_data` VALUES ('1528', '16', '2', '7', '1');
INSERT INTO `map_data` VALUES ('1529', '16', '2', '8', '0');
INSERT INTO `map_data` VALUES ('1530', '16', '2', '9', '0');
INSERT INTO `map_data` VALUES ('1531', '16', '3', '0', '0');
INSERT INTO `map_data` VALUES ('1532', '16', '3', '1', '1');
INSERT INTO `map_data` VALUES ('1533', '16', '3', '2', '4');
INSERT INTO `map_data` VALUES ('1534', '16', '3', '3', '4');
INSERT INTO `map_data` VALUES ('1535', '16', '3', '4', '1');
INSERT INTO `map_data` VALUES ('1536', '16', '3', '5', '4');
INSERT INTO `map_data` VALUES ('1537', '16', '3', '6', '4');
INSERT INTO `map_data` VALUES ('1538', '16', '3', '7', '1');
INSERT INTO `map_data` VALUES ('1539', '16', '3', '8', '0');
INSERT INTO `map_data` VALUES ('1540', '16', '3', '9', '0');
INSERT INTO `map_data` VALUES ('1541', '16', '4', '0', '0');
INSERT INTO `map_data` VALUES ('1542', '16', '4', '1', '1');
INSERT INTO `map_data` VALUES ('1543', '16', '4', '2', '0');
INSERT INTO `map_data` VALUES ('1544', '16', '4', '3', '3');
INSERT INTO `map_data` VALUES ('1545', '16', '4', '4', '3');
INSERT INTO `map_data` VALUES ('1546', '16', '4', '5', '3');
INSERT INTO `map_data` VALUES ('1547', '16', '4', '6', '0');
INSERT INTO `map_data` VALUES ('1548', '16', '4', '7', '1');
INSERT INTO `map_data` VALUES ('1549', '16', '4', '8', '0');
INSERT INTO `map_data` VALUES ('1550', '16', '4', '9', '0');
INSERT INTO `map_data` VALUES ('1551', '16', '5', '0', '0');
INSERT INTO `map_data` VALUES ('1552', '16', '5', '1', '1');
INSERT INTO `map_data` VALUES ('1553', '16', '5', '2', '0');
INSERT INTO `map_data` VALUES ('1554', '16', '5', '3', '0');
INSERT INTO `map_data` VALUES ('1555', '16', '5', '4', '3');
INSERT INTO `map_data` VALUES ('1556', '16', '5', '5', '0');
INSERT INTO `map_data` VALUES ('1557', '16', '5', '6', '0');
INSERT INTO `map_data` VALUES ('1558', '16', '5', '7', '1');
INSERT INTO `map_data` VALUES ('1559', '16', '5', '8', '0');
INSERT INTO `map_data` VALUES ('1560', '16', '5', '9', '0');
INSERT INTO `map_data` VALUES ('1561', '16', '6', '0', '0');
INSERT INTO `map_data` VALUES ('1562', '16', '6', '1', '1');
INSERT INTO `map_data` VALUES ('1563', '16', '6', '2', '0');
INSERT INTO `map_data` VALUES ('1564', '16', '6', '3', '3');
INSERT INTO `map_data` VALUES ('1565', '16', '6', '4', '3');
INSERT INTO `map_data` VALUES ('1566', '16', '6', '5', '3');
INSERT INTO `map_data` VALUES ('1567', '16', '6', '6', '0');
INSERT INTO `map_data` VALUES ('1568', '16', '6', '7', '1');
INSERT INTO `map_data` VALUES ('1569', '16', '6', '8', '0');
INSERT INTO `map_data` VALUES ('1570', '16', '6', '9', '0');
INSERT INTO `map_data` VALUES ('1571', '16', '7', '0', '0');
INSERT INTO `map_data` VALUES ('1572', '16', '7', '1', '1');
INSERT INTO `map_data` VALUES ('1573', '16', '7', '2', '0');
INSERT INTO `map_data` VALUES ('1574', '16', '7', '3', '0');
INSERT INTO `map_data` VALUES ('1575', '16', '7', '4', '1');
INSERT INTO `map_data` VALUES ('1576', '16', '7', '5', '2');
INSERT INTO `map_data` VALUES ('1577', '16', '7', '6', '0');
INSERT INTO `map_data` VALUES ('1578', '16', '7', '7', '1');
INSERT INTO `map_data` VALUES ('1579', '16', '7', '8', '0');
INSERT INTO `map_data` VALUES ('1580', '16', '7', '9', '0');
INSERT INTO `map_data` VALUES ('1581', '16', '8', '0', '0');
INSERT INTO `map_data` VALUES ('1582', '16', '8', '1', '1');
INSERT INTO `map_data` VALUES ('1583', '16', '8', '2', '1');
INSERT INTO `map_data` VALUES ('1584', '16', '8', '3', '1');
INSERT INTO `map_data` VALUES ('1585', '16', '8', '4', '1');
INSERT INTO `map_data` VALUES ('1586', '16', '8', '5', '1');
INSERT INTO `map_data` VALUES ('1587', '16', '8', '6', '1');
INSERT INTO `map_data` VALUES ('1588', '16', '8', '7', '1');
INSERT INTO `map_data` VALUES ('1589', '16', '8', '8', '0');
INSERT INTO `map_data` VALUES ('1590', '16', '8', '9', '0');
INSERT INTO `map_data` VALUES ('1591', '16', '9', '0', '0');
INSERT INTO `map_data` VALUES ('1592', '16', '9', '1', '0');
INSERT INTO `map_data` VALUES ('1593', '16', '9', '2', '0');
INSERT INTO `map_data` VALUES ('1594', '16', '9', '3', '0');
INSERT INTO `map_data` VALUES ('1595', '16', '9', '4', '0');
INSERT INTO `map_data` VALUES ('1596', '16', '9', '5', '0');
INSERT INTO `map_data` VALUES ('1597', '16', '9', '6', '0');
INSERT INTO `map_data` VALUES ('1598', '16', '9', '7', '0');
INSERT INTO `map_data` VALUES ('1599', '16', '9', '8', '0');
INSERT INTO `map_data` VALUES ('1600', '16', '9', '9', '0');
INSERT INTO `map_data` VALUES ('1601', '17', '0', '0', '0');
INSERT INTO `map_data` VALUES ('1602', '17', '0', '1', '1');
INSERT INTO `map_data` VALUES ('1603', '17', '0', '2', '1');
INSERT INTO `map_data` VALUES ('1604', '17', '0', '3', '1');
INSERT INTO `map_data` VALUES ('1605', '17', '0', '4', '1');
INSERT INTO `map_data` VALUES ('1606', '17', '0', '5', '1');
INSERT INTO `map_data` VALUES ('1607', '17', '0', '6', '1');
INSERT INTO `map_data` VALUES ('1608', '17', '0', '7', '1');
INSERT INTO `map_data` VALUES ('1609', '17', '0', '8', '0');
INSERT INTO `map_data` VALUES ('1610', '17', '0', '9', '0');
INSERT INTO `map_data` VALUES ('1611', '17', '1', '0', '0');
INSERT INTO `map_data` VALUES ('1612', '17', '1', '1', '1');
INSERT INTO `map_data` VALUES ('1613', '17', '1', '2', '0');
INSERT INTO `map_data` VALUES ('1614', '17', '1', '3', '0');
INSERT INTO `map_data` VALUES ('1615', '17', '1', '4', '2');
INSERT INTO `map_data` VALUES ('1616', '17', '1', '5', '0');
INSERT INTO `map_data` VALUES ('1617', '17', '1', '6', '0');
INSERT INTO `map_data` VALUES ('1618', '17', '1', '7', '1');
INSERT INTO `map_data` VALUES ('1619', '17', '1', '8', '1');
INSERT INTO `map_data` VALUES ('1620', '17', '1', '9', '0');
INSERT INTO `map_data` VALUES ('1621', '17', '2', '0', '0');
INSERT INTO `map_data` VALUES ('1622', '17', '2', '1', '1');
INSERT INTO `map_data` VALUES ('1623', '17', '2', '2', '0');
INSERT INTO `map_data` VALUES ('1624', '17', '2', '3', '1');
INSERT INTO `map_data` VALUES ('1625', '17', '2', '4', '0');
INSERT INTO `map_data` VALUES ('1626', '17', '2', '5', '1');
INSERT INTO `map_data` VALUES ('1627', '17', '2', '6', '0');
INSERT INTO `map_data` VALUES ('1628', '17', '2', '7', '0');
INSERT INTO `map_data` VALUES ('1629', '17', '2', '8', '1');
INSERT INTO `map_data` VALUES ('1630', '17', '2', '9', '0');
INSERT INTO `map_data` VALUES ('1631', '17', '3', '0', '0');
INSERT INTO `map_data` VALUES ('1632', '17', '3', '1', '1');
INSERT INTO `map_data` VALUES ('1633', '17', '3', '2', '0');
INSERT INTO `map_data` VALUES ('1634', '17', '3', '3', '0');
INSERT INTO `map_data` VALUES ('1635', '17', '3', '4', '1');
INSERT INTO `map_data` VALUES ('1636', '17', '3', '5', '0');
INSERT INTO `map_data` VALUES ('1637', '17', '3', '6', '1');
INSERT INTO `map_data` VALUES ('1638', '17', '3', '7', '0');
INSERT INTO `map_data` VALUES ('1639', '17', '3', '8', '1');
INSERT INTO `map_data` VALUES ('1640', '17', '3', '9', '0');
INSERT INTO `map_data` VALUES ('1641', '17', '4', '0', '0');
INSERT INTO `map_data` VALUES ('1642', '17', '4', '1', '1');
INSERT INTO `map_data` VALUES ('1643', '17', '4', '2', '1');
INSERT INTO `map_data` VALUES ('1644', '17', '4', '3', '1');
INSERT INTO `map_data` VALUES ('1645', '17', '4', '4', '3');
INSERT INTO `map_data` VALUES ('1646', '17', '4', '5', '1');
INSERT INTO `map_data` VALUES ('1647', '17', '4', '6', '1');
INSERT INTO `map_data` VALUES ('1648', '17', '4', '7', '1');
INSERT INTO `map_data` VALUES ('1649', '17', '4', '8', '1');
INSERT INTO `map_data` VALUES ('1650', '17', '4', '9', '0');
INSERT INTO `map_data` VALUES ('1651', '17', '5', '0', '0');
INSERT INTO `map_data` VALUES ('1652', '17', '5', '1', '1');
INSERT INTO `map_data` VALUES ('1653', '17', '5', '2', '0');
INSERT INTO `map_data` VALUES ('1654', '17', '5', '3', '4');
INSERT INTO `map_data` VALUES ('1655', '17', '5', '4', '0');
INSERT INTO `map_data` VALUES ('1656', '17', '5', '5', '4');
INSERT INTO `map_data` VALUES ('1657', '17', '5', '6', '4');
INSERT INTO `map_data` VALUES ('1658', '17', '5', '7', '1');
INSERT INTO `map_data` VALUES ('1659', '17', '5', '8', '0');
INSERT INTO `map_data` VALUES ('1660', '17', '5', '9', '0');
INSERT INTO `map_data` VALUES ('1661', '17', '6', '0', '0');
INSERT INTO `map_data` VALUES ('1662', '17', '6', '1', '1');
INSERT INTO `map_data` VALUES ('1663', '17', '6', '2', '0');
INSERT INTO `map_data` VALUES ('1664', '17', '6', '3', '0');
INSERT INTO `map_data` VALUES ('1665', '17', '6', '4', '0');
INSERT INTO `map_data` VALUES ('1666', '17', '6', '5', '0');
INSERT INTO `map_data` VALUES ('1667', '17', '6', '6', '0');
INSERT INTO `map_data` VALUES ('1668', '17', '6', '7', '0');
INSERT INTO `map_data` VALUES ('1669', '17', '6', '8', '1');
INSERT INTO `map_data` VALUES ('1670', '17', '6', '9', '0');
INSERT INTO `map_data` VALUES ('1671', '17', '7', '0', '0');
INSERT INTO `map_data` VALUES ('1672', '17', '7', '1', '1');
INSERT INTO `map_data` VALUES ('1673', '17', '7', '2', '0');
INSERT INTO `map_data` VALUES ('1674', '17', '7', '3', '0');
INSERT INTO `map_data` VALUES ('1675', '17', '7', '4', '1');
INSERT INTO `map_data` VALUES ('1676', '17', '7', '5', '0');
INSERT INTO `map_data` VALUES ('1677', '17', '7', '6', '4');
INSERT INTO `map_data` VALUES ('1678', '17', '7', '7', '1');
INSERT INTO `map_data` VALUES ('1679', '17', '7', '8', '0');
INSERT INTO `map_data` VALUES ('1680', '17', '7', '9', '0');
INSERT INTO `map_data` VALUES ('1681', '17', '8', '0', '0');
INSERT INTO `map_data` VALUES ('1682', '17', '8', '1', '1');
INSERT INTO `map_data` VALUES ('1683', '17', '8', '2', '0');
INSERT INTO `map_data` VALUES ('1684', '17', '8', '3', '0');
INSERT INTO `map_data` VALUES ('1685', '17', '8', '4', '4');
INSERT INTO `map_data` VALUES ('1686', '17', '8', '5', '0');
INSERT INTO `map_data` VALUES ('1687', '17', '8', '6', '0');
INSERT INTO `map_data` VALUES ('1688', '17', '8', '7', '1');
INSERT INTO `map_data` VALUES ('1689', '17', '8', '8', '0');
INSERT INTO `map_data` VALUES ('1690', '17', '8', '9', '0');
INSERT INTO `map_data` VALUES ('1691', '17', '9', '0', '0');
INSERT INTO `map_data` VALUES ('1692', '17', '9', '1', '1');
INSERT INTO `map_data` VALUES ('1693', '17', '9', '2', '1');
INSERT INTO `map_data` VALUES ('1694', '17', '9', '3', '1');
INSERT INTO `map_data` VALUES ('1695', '17', '9', '4', '1');
INSERT INTO `map_data` VALUES ('1696', '17', '9', '5', '1');
INSERT INTO `map_data` VALUES ('1697', '17', '9', '6', '1');
INSERT INTO `map_data` VALUES ('1698', '17', '9', '7', '1');
INSERT INTO `map_data` VALUES ('1699', '17', '9', '8', '1');
INSERT INTO `map_data` VALUES ('1700', '17', '9', '9', '0');
INSERT INTO `map_data` VALUES ('1701', '18', '0', '0', '0');
INSERT INTO `map_data` VALUES ('1702', '18', '0', '1', '0');
INSERT INTO `map_data` VALUES ('1703', '18', '0', '2', '1');
INSERT INTO `map_data` VALUES ('1704', '18', '0', '3', '1');
INSERT INTO `map_data` VALUES ('1705', '18', '0', '4', '1');
INSERT INTO `map_data` VALUES ('1706', '18', '0', '5', '1');
INSERT INTO `map_data` VALUES ('1707', '18', '0', '6', '1');
INSERT INTO `map_data` VALUES ('1708', '18', '0', '7', '1');
INSERT INTO `map_data` VALUES ('1709', '18', '0', '8', '0');
INSERT INTO `map_data` VALUES ('1710', '18', '0', '9', '0');
INSERT INTO `map_data` VALUES ('1711', '18', '1', '0', '0');
INSERT INTO `map_data` VALUES ('1712', '18', '1', '1', '0');
INSERT INTO `map_data` VALUES ('1713', '18', '1', '2', '1');
INSERT INTO `map_data` VALUES ('1714', '18', '1', '3', '0');
INSERT INTO `map_data` VALUES ('1715', '18', '1', '4', '0');
INSERT INTO `map_data` VALUES ('1716', '18', '1', '5', '0');
INSERT INTO `map_data` VALUES ('1717', '18', '1', '6', '0');
INSERT INTO `map_data` VALUES ('1718', '18', '1', '7', '1');
INSERT INTO `map_data` VALUES ('1719', '18', '1', '8', '0');
INSERT INTO `map_data` VALUES ('1720', '18', '1', '9', '0');
INSERT INTO `map_data` VALUES ('1721', '18', '2', '0', '0');
INSERT INTO `map_data` VALUES ('1722', '18', '2', '1', '0');
INSERT INTO `map_data` VALUES ('1723', '18', '2', '2', '1');
INSERT INTO `map_data` VALUES ('1724', '18', '2', '3', '0');
INSERT INTO `map_data` VALUES ('1725', '18', '2', '4', '3');
INSERT INTO `map_data` VALUES ('1726', '18', '2', '5', '0');
INSERT INTO `map_data` VALUES ('1727', '18', '2', '6', '2');
INSERT INTO `map_data` VALUES ('1728', '18', '2', '7', '1');
INSERT INTO `map_data` VALUES ('1729', '18', '2', '8', '0');
INSERT INTO `map_data` VALUES ('1730', '18', '2', '9', '0');
INSERT INTO `map_data` VALUES ('1731', '18', '3', '0', '0');
INSERT INTO `map_data` VALUES ('1732', '18', '3', '1', '0');
INSERT INTO `map_data` VALUES ('1733', '18', '3', '2', '1');
INSERT INTO `map_data` VALUES ('1734', '18', '3', '3', '1');
INSERT INTO `map_data` VALUES ('1735', '18', '3', '4', '7');
INSERT INTO `map_data` VALUES ('1736', '18', '3', '5', '0');
INSERT INTO `map_data` VALUES ('1737', '18', '3', '6', '0');
INSERT INTO `map_data` VALUES ('1738', '18', '3', '7', '1');
INSERT INTO `map_data` VALUES ('1739', '18', '3', '8', '0');
INSERT INTO `map_data` VALUES ('1740', '18', '3', '9', '0');
INSERT INTO `map_data` VALUES ('1741', '18', '4', '0', '0');
INSERT INTO `map_data` VALUES ('1742', '18', '4', '1', '0');
INSERT INTO `map_data` VALUES ('1743', '18', '4', '2', '1');
INSERT INTO `map_data` VALUES ('1744', '18', '4', '3', '0');
INSERT INTO `map_data` VALUES ('1745', '18', '4', '4', '7');
INSERT INTO `map_data` VALUES ('1746', '18', '4', '5', '0');
INSERT INTO `map_data` VALUES ('1747', '18', '4', '6', '1');
INSERT INTO `map_data` VALUES ('1748', '18', '4', '7', '1');
INSERT INTO `map_data` VALUES ('1749', '18', '4', '8', '0');
INSERT INTO `map_data` VALUES ('1750', '18', '4', '9', '0');
INSERT INTO `map_data` VALUES ('1751', '18', '5', '0', '0');
INSERT INTO `map_data` VALUES ('1752', '18', '5', '1', '0');
INSERT INTO `map_data` VALUES ('1753', '18', '5', '2', '1');
INSERT INTO `map_data` VALUES ('1754', '18', '5', '3', '0');
INSERT INTO `map_data` VALUES ('1755', '18', '5', '4', '7');
INSERT INTO `map_data` VALUES ('1756', '18', '5', '5', '0');
INSERT INTO `map_data` VALUES ('1757', '18', '5', '6', '1');
INSERT INTO `map_data` VALUES ('1758', '18', '5', '7', '0');
INSERT INTO `map_data` VALUES ('1759', '18', '5', '8', '0');
INSERT INTO `map_data` VALUES ('1760', '18', '5', '9', '0');
INSERT INTO `map_data` VALUES ('1761', '18', '6', '0', '0');
INSERT INTO `map_data` VALUES ('1762', '18', '6', '1', '0');
INSERT INTO `map_data` VALUES ('1763', '18', '6', '2', '1');
INSERT INTO `map_data` VALUES ('1764', '18', '6', '3', '0');
INSERT INTO `map_data` VALUES ('1765', '18', '6', '4', '7');
INSERT INTO `map_data` VALUES ('1766', '18', '6', '5', '0');
INSERT INTO `map_data` VALUES ('1767', '18', '6', '6', '1');
INSERT INTO `map_data` VALUES ('1768', '18', '6', '7', '0');
INSERT INTO `map_data` VALUES ('1769', '18', '6', '8', '0');
INSERT INTO `map_data` VALUES ('1770', '18', '6', '9', '0');
INSERT INTO `map_data` VALUES ('1771', '18', '7', '0', '0');
INSERT INTO `map_data` VALUES ('1772', '18', '7', '1', '0');
INSERT INTO `map_data` VALUES ('1773', '18', '7', '2', '1');
INSERT INTO `map_data` VALUES ('1774', '18', '7', '3', '0');
INSERT INTO `map_data` VALUES ('1775', '18', '7', '4', '4');
INSERT INTO `map_data` VALUES ('1776', '18', '7', '5', '0');
INSERT INTO `map_data` VALUES ('1777', '18', '7', '6', '1');
INSERT INTO `map_data` VALUES ('1778', '18', '7', '7', '0');
INSERT INTO `map_data` VALUES ('1779', '18', '7', '8', '0');
INSERT INTO `map_data` VALUES ('1780', '18', '7', '9', '0');
INSERT INTO `map_data` VALUES ('1781', '18', '8', '0', '0');
INSERT INTO `map_data` VALUES ('1782', '18', '8', '1', '0');
INSERT INTO `map_data` VALUES ('1783', '18', '8', '2', '1');
INSERT INTO `map_data` VALUES ('1784', '18', '8', '3', '1');
INSERT INTO `map_data` VALUES ('1785', '18', '8', '4', '1');
INSERT INTO `map_data` VALUES ('1786', '18', '8', '5', '1');
INSERT INTO `map_data` VALUES ('1787', '18', '8', '6', '1');
INSERT INTO `map_data` VALUES ('1788', '18', '8', '7', '0');
INSERT INTO `map_data` VALUES ('1789', '18', '8', '8', '0');
INSERT INTO `map_data` VALUES ('1790', '18', '8', '9', '0');
INSERT INTO `map_data` VALUES ('1791', '18', '9', '0', '0');
INSERT INTO `map_data` VALUES ('1792', '18', '9', '1', '0');
INSERT INTO `map_data` VALUES ('1793', '18', '9', '2', '0');
INSERT INTO `map_data` VALUES ('1794', '18', '9', '3', '0');
INSERT INTO `map_data` VALUES ('1795', '18', '9', '4', '0');
INSERT INTO `map_data` VALUES ('1796', '18', '9', '5', '0');
INSERT INTO `map_data` VALUES ('1797', '18', '9', '6', '0');
INSERT INTO `map_data` VALUES ('1798', '18', '9', '7', '0');
INSERT INTO `map_data` VALUES ('1799', '18', '9', '8', '0');
INSERT INTO `map_data` VALUES ('1800', '18', '9', '9', '0');
INSERT INTO `map_data` VALUES ('1801', '19', '0', '0', '0');
INSERT INTO `map_data` VALUES ('1802', '19', '0', '1', '0');
INSERT INTO `map_data` VALUES ('1803', '19', '0', '2', '0');
INSERT INTO `map_data` VALUES ('1804', '19', '0', '3', '0');
INSERT INTO `map_data` VALUES ('1805', '19', '0', '4', '0');
INSERT INTO `map_data` VALUES ('1806', '19', '0', '5', '0');
INSERT INTO `map_data` VALUES ('1807', '19', '0', '6', '0');
INSERT INTO `map_data` VALUES ('1808', '19', '0', '7', '0');
INSERT INTO `map_data` VALUES ('1809', '19', '0', '8', '0');
INSERT INTO `map_data` VALUES ('1810', '19', '0', '9', '0');
INSERT INTO `map_data` VALUES ('1811', '19', '1', '0', '0');
INSERT INTO `map_data` VALUES ('1812', '19', '1', '1', '0');
INSERT INTO `map_data` VALUES ('1813', '19', '1', '2', '1');
INSERT INTO `map_data` VALUES ('1814', '19', '1', '3', '1');
INSERT INTO `map_data` VALUES ('1815', '19', '1', '4', '1');
INSERT INTO `map_data` VALUES ('1816', '19', '1', '5', '1');
INSERT INTO `map_data` VALUES ('1817', '19', '1', '6', '1');
INSERT INTO `map_data` VALUES ('1818', '19', '1', '7', '1');
INSERT INTO `map_data` VALUES ('1819', '19', '1', '8', '0');
INSERT INTO `map_data` VALUES ('1820', '19', '1', '9', '0');
INSERT INTO `map_data` VALUES ('1821', '19', '2', '0', '0');
INSERT INTO `map_data` VALUES ('1822', '19', '2', '1', '0');
INSERT INTO `map_data` VALUES ('1823', '19', '2', '2', '1');
INSERT INTO `map_data` VALUES ('1824', '19', '2', '3', '0');
INSERT INTO `map_data` VALUES ('1825', '19', '2', '4', '0');
INSERT INTO `map_data` VALUES ('1826', '19', '2', '5', '0');
INSERT INTO `map_data` VALUES ('1827', '19', '2', '6', '0');
INSERT INTO `map_data` VALUES ('1828', '19', '2', '7', '1');
INSERT INTO `map_data` VALUES ('1829', '19', '2', '8', '1');
INSERT INTO `map_data` VALUES ('1830', '19', '2', '9', '0');
INSERT INTO `map_data` VALUES ('1831', '19', '3', '0', '0');
INSERT INTO `map_data` VALUES ('1832', '19', '3', '1', '1');
INSERT INTO `map_data` VALUES ('1833', '19', '3', '2', '1');
INSERT INTO `map_data` VALUES ('1834', '19', '3', '3', '4');
INSERT INTO `map_data` VALUES ('1835', '19', '3', '4', '1');
INSERT INTO `map_data` VALUES ('1836', '19', '3', '5', '1');
INSERT INTO `map_data` VALUES ('1837', '19', '3', '6', '3');
INSERT INTO `map_data` VALUES ('1838', '19', '3', '7', '0');
INSERT INTO `map_data` VALUES ('1839', '19', '3', '8', '1');
INSERT INTO `map_data` VALUES ('1840', '19', '3', '9', '0');
INSERT INTO `map_data` VALUES ('1841', '19', '4', '0', '0');
INSERT INTO `map_data` VALUES ('1842', '19', '4', '1', '1');
INSERT INTO `map_data` VALUES ('1843', '19', '4', '2', '0');
INSERT INTO `map_data` VALUES ('1844', '19', '4', '3', '4');
INSERT INTO `map_data` VALUES ('1845', '19', '4', '4', '4');
INSERT INTO `map_data` VALUES ('1846', '19', '4', '5', '3');
INSERT INTO `map_data` VALUES ('1847', '19', '4', '6', '0');
INSERT INTO `map_data` VALUES ('1848', '19', '4', '7', '0');
INSERT INTO `map_data` VALUES ('1849', '19', '4', '8', '1');
INSERT INTO `map_data` VALUES ('1850', '19', '4', '9', '0');
INSERT INTO `map_data` VALUES ('1851', '19', '5', '0', '0');
INSERT INTO `map_data` VALUES ('1852', '19', '5', '1', '1');
INSERT INTO `map_data` VALUES ('1853', '19', '5', '2', '0');
INSERT INTO `map_data` VALUES ('1854', '19', '5', '3', '0');
INSERT INTO `map_data` VALUES ('1855', '19', '5', '4', '1');
INSERT INTO `map_data` VALUES ('1856', '19', '5', '5', '3');
INSERT INTO `map_data` VALUES ('1857', '19', '5', '6', '0');
INSERT INTO `map_data` VALUES ('1858', '19', '5', '7', '0');
INSERT INTO `map_data` VALUES ('1859', '19', '5', '8', '1');
INSERT INTO `map_data` VALUES ('1860', '19', '5', '9', '0');
INSERT INTO `map_data` VALUES ('1861', '19', '6', '0', '0');
INSERT INTO `map_data` VALUES ('1862', '19', '6', '1', '1');
INSERT INTO `map_data` VALUES ('1863', '19', '6', '2', '0');
INSERT INTO `map_data` VALUES ('1864', '19', '6', '3', '0');
INSERT INTO `map_data` VALUES ('1865', '19', '6', '4', '2');
INSERT INTO `map_data` VALUES ('1866', '19', '6', '5', '0');
INSERT INTO `map_data` VALUES ('1867', '19', '6', '6', '1');
INSERT INTO `map_data` VALUES ('1868', '19', '6', '7', '1');
INSERT INTO `map_data` VALUES ('1869', '19', '6', '8', '1');
INSERT INTO `map_data` VALUES ('1870', '19', '6', '9', '0');
INSERT INTO `map_data` VALUES ('1871', '19', '7', '0', '0');
INSERT INTO `map_data` VALUES ('1872', '19', '7', '1', '1');
INSERT INTO `map_data` VALUES ('1873', '19', '7', '2', '1');
INSERT INTO `map_data` VALUES ('1874', '19', '7', '3', '1');
INSERT INTO `map_data` VALUES ('1875', '19', '7', '4', '1');
INSERT INTO `map_data` VALUES ('1876', '19', '7', '5', '1');
INSERT INTO `map_data` VALUES ('1877', '19', '7', '6', '1');
INSERT INTO `map_data` VALUES ('1878', '19', '7', '7', '1');
INSERT INTO `map_data` VALUES ('1879', '19', '7', '8', '0');
INSERT INTO `map_data` VALUES ('1880', '19', '7', '9', '0');
INSERT INTO `map_data` VALUES ('1881', '19', '8', '0', '0');
INSERT INTO `map_data` VALUES ('1882', '19', '8', '1', '0');
INSERT INTO `map_data` VALUES ('1883', '19', '8', '2', '0');
INSERT INTO `map_data` VALUES ('1884', '19', '8', '3', '0');
INSERT INTO `map_data` VALUES ('1885', '19', '8', '4', '0');
INSERT INTO `map_data` VALUES ('1886', '19', '8', '5', '0');
INSERT INTO `map_data` VALUES ('1887', '19', '8', '6', '0');
INSERT INTO `map_data` VALUES ('1888', '19', '8', '7', '0');
INSERT INTO `map_data` VALUES ('1889', '19', '8', '8', '0');
INSERT INTO `map_data` VALUES ('1890', '19', '8', '9', '0');
INSERT INTO `map_data` VALUES ('1891', '19', '9', '0', '0');
INSERT INTO `map_data` VALUES ('1892', '19', '9', '1', '0');
INSERT INTO `map_data` VALUES ('1893', '19', '9', '2', '0');
INSERT INTO `map_data` VALUES ('1894', '19', '9', '3', '0');
INSERT INTO `map_data` VALUES ('1895', '19', '9', '4', '0');
INSERT INTO `map_data` VALUES ('1896', '19', '9', '5', '0');
INSERT INTO `map_data` VALUES ('1897', '19', '9', '6', '0');
INSERT INTO `map_data` VALUES ('1898', '19', '9', '7', '0');
INSERT INTO `map_data` VALUES ('1899', '19', '9', '8', '0');
INSERT INTO `map_data` VALUES ('1900', '19', '9', '9', '0');
INSERT INTO `map_data` VALUES ('1901', '20', '0', '0', '0');
INSERT INTO `map_data` VALUES ('1902', '20', '0', '1', '0');
INSERT INTO `map_data` VALUES ('1903', '20', '0', '2', '0');
INSERT INTO `map_data` VALUES ('1904', '20', '0', '3', '0');
INSERT INTO `map_data` VALUES ('1905', '20', '0', '4', '0');
INSERT INTO `map_data` VALUES ('1906', '20', '0', '5', '0');
INSERT INTO `map_data` VALUES ('1907', '20', '0', '6', '0');
INSERT INTO `map_data` VALUES ('1908', '20', '0', '7', '0');
INSERT INTO `map_data` VALUES ('1909', '20', '0', '8', '0');
INSERT INTO `map_data` VALUES ('1910', '20', '0', '9', '0');
INSERT INTO `map_data` VALUES ('1911', '20', '1', '0', '0');
INSERT INTO `map_data` VALUES ('1912', '20', '1', '1', '0');
INSERT INTO `map_data` VALUES ('1913', '20', '1', '2', '1');
INSERT INTO `map_data` VALUES ('1914', '20', '1', '3', '1');
INSERT INTO `map_data` VALUES ('1915', '20', '1', '4', '1');
INSERT INTO `map_data` VALUES ('1916', '20', '1', '5', '1');
INSERT INTO `map_data` VALUES ('1917', '20', '1', '6', '1');
INSERT INTO `map_data` VALUES ('1918', '20', '1', '7', '1');
INSERT INTO `map_data` VALUES ('1919', '20', '1', '8', '0');
INSERT INTO `map_data` VALUES ('1920', '20', '1', '9', '0');
INSERT INTO `map_data` VALUES ('1921', '20', '2', '0', '0');
INSERT INTO `map_data` VALUES ('1922', '20', '2', '1', '0');
INSERT INTO `map_data` VALUES ('1923', '20', '2', '2', '1');
INSERT INTO `map_data` VALUES ('1924', '20', '2', '3', '0');
INSERT INTO `map_data` VALUES ('1925', '20', '2', '4', '0');
INSERT INTO `map_data` VALUES ('1926', '20', '2', '5', '4');
INSERT INTO `map_data` VALUES ('1927', '20', '2', '6', '0');
INSERT INTO `map_data` VALUES ('1928', '20', '2', '7', '1');
INSERT INTO `map_data` VALUES ('1929', '20', '2', '8', '0');
INSERT INTO `map_data` VALUES ('1930', '20', '2', '9', '0');
INSERT INTO `map_data` VALUES ('1931', '20', '3', '0', '0');
INSERT INTO `map_data` VALUES ('1932', '20', '3', '1', '0');
INSERT INTO `map_data` VALUES ('1933', '20', '3', '2', '1');
INSERT INTO `map_data` VALUES ('1934', '20', '3', '3', '2');
INSERT INTO `map_data` VALUES ('1935', '20', '3', '4', '1');
INSERT INTO `map_data` VALUES ('1936', '20', '3', '5', '0');
INSERT INTO `map_data` VALUES ('1937', '20', '3', '6', '7');
INSERT INTO `map_data` VALUES ('1938', '20', '3', '7', '1');
INSERT INTO `map_data` VALUES ('1939', '20', '3', '8', '0');
INSERT INTO `map_data` VALUES ('1940', '20', '3', '9', '0');
INSERT INTO `map_data` VALUES ('1941', '20', '4', '0', '0');
INSERT INTO `map_data` VALUES ('1942', '20', '4', '1', '0');
INSERT INTO `map_data` VALUES ('1943', '20', '4', '2', '1');
INSERT INTO `map_data` VALUES ('1944', '20', '4', '3', '0');
INSERT INTO `map_data` VALUES ('1945', '20', '4', '4', '0');
INSERT INTO `map_data` VALUES ('1946', '20', '4', '5', '3');
INSERT INTO `map_data` VALUES ('1947', '20', '4', '6', '0');
INSERT INTO `map_data` VALUES ('1948', '20', '4', '7', '1');
INSERT INTO `map_data` VALUES ('1949', '20', '4', '8', '0');
INSERT INTO `map_data` VALUES ('1950', '20', '4', '9', '0');
INSERT INTO `map_data` VALUES ('1951', '20', '5', '0', '0');
INSERT INTO `map_data` VALUES ('1952', '20', '5', '1', '0');
INSERT INTO `map_data` VALUES ('1953', '20', '5', '2', '1');
INSERT INTO `map_data` VALUES ('1954', '20', '5', '3', '0');
INSERT INTO `map_data` VALUES ('1955', '20', '5', '4', '1');
INSERT INTO `map_data` VALUES ('1956', '20', '5', '5', '7');
INSERT INTO `map_data` VALUES ('1957', '20', '5', '6', '0');
INSERT INTO `map_data` VALUES ('1958', '20', '5', '7', '1');
INSERT INTO `map_data` VALUES ('1959', '20', '5', '8', '0');
INSERT INTO `map_data` VALUES ('1960', '20', '5', '9', '0');
INSERT INTO `map_data` VALUES ('1961', '20', '6', '0', '0');
INSERT INTO `map_data` VALUES ('1962', '20', '6', '1', '0');
INSERT INTO `map_data` VALUES ('1963', '20', '6', '2', '1');
INSERT INTO `map_data` VALUES ('1964', '20', '6', '3', '0');
INSERT INTO `map_data` VALUES ('1965', '20', '6', '4', '0');
INSERT INTO `map_data` VALUES ('1966', '20', '6', '5', '0');
INSERT INTO `map_data` VALUES ('1967', '20', '6', '6', '0');
INSERT INTO `map_data` VALUES ('1968', '20', '6', '7', '1');
INSERT INTO `map_data` VALUES ('1969', '20', '6', '8', '0');
INSERT INTO `map_data` VALUES ('1970', '20', '6', '9', '0');
INSERT INTO `map_data` VALUES ('1971', '20', '7', '0', '0');
INSERT INTO `map_data` VALUES ('1972', '20', '7', '1', '0');
INSERT INTO `map_data` VALUES ('1973', '20', '7', '2', '1');
INSERT INTO `map_data` VALUES ('1974', '20', '7', '3', '1');
INSERT INTO `map_data` VALUES ('1975', '20', '7', '4', '1');
INSERT INTO `map_data` VALUES ('1976', '20', '7', '5', '1');
INSERT INTO `map_data` VALUES ('1977', '20', '7', '6', '1');
INSERT INTO `map_data` VALUES ('1978', '20', '7', '7', '1');
INSERT INTO `map_data` VALUES ('1979', '20', '7', '8', '0');
INSERT INTO `map_data` VALUES ('1980', '20', '7', '9', '0');
INSERT INTO `map_data` VALUES ('1981', '20', '8', '0', '0');
INSERT INTO `map_data` VALUES ('1982', '20', '8', '1', '0');
INSERT INTO `map_data` VALUES ('1983', '20', '8', '2', '0');
INSERT INTO `map_data` VALUES ('1984', '20', '8', '3', '0');
INSERT INTO `map_data` VALUES ('1985', '20', '8', '4', '0');
INSERT INTO `map_data` VALUES ('1986', '20', '8', '5', '0');
INSERT INTO `map_data` VALUES ('1987', '20', '8', '6', '0');
INSERT INTO `map_data` VALUES ('1988', '20', '8', '7', '0');
INSERT INTO `map_data` VALUES ('1989', '20', '8', '8', '0');
INSERT INTO `map_data` VALUES ('1990', '20', '8', '9', '0');
INSERT INTO `map_data` VALUES ('1991', '20', '9', '0', '0');
INSERT INTO `map_data` VALUES ('1992', '20', '9', '1', '0');
INSERT INTO `map_data` VALUES ('1993', '20', '9', '2', '0');
INSERT INTO `map_data` VALUES ('1994', '20', '9', '3', '0');
INSERT INTO `map_data` VALUES ('1995', '20', '9', '4', '0');
INSERT INTO `map_data` VALUES ('1996', '20', '9', '5', '0');
INSERT INTO `map_data` VALUES ('1997', '20', '9', '6', '0');
INSERT INTO `map_data` VALUES ('1998', '20', '9', '7', '0');
INSERT INTO `map_data` VALUES ('1999', '20', '9', '8', '0');
INSERT INTO `map_data` VALUES ('2000', '20', '9', '9', '0');
INSERT INTO `map_data` VALUES ('2001', '21', '0', '0', '0');
INSERT INTO `map_data` VALUES ('2002', '21', '0', '1', '0');
INSERT INTO `map_data` VALUES ('2003', '21', '0', '2', '0');
INSERT INTO `map_data` VALUES ('2004', '21', '0', '3', '0');
INSERT INTO `map_data` VALUES ('2005', '21', '0', '4', '0');
INSERT INTO `map_data` VALUES ('2006', '21', '0', '5', '0');
INSERT INTO `map_data` VALUES ('2007', '21', '0', '6', '0');
INSERT INTO `map_data` VALUES ('2008', '21', '0', '7', '0');
INSERT INTO `map_data` VALUES ('2009', '21', '0', '8', '0');
INSERT INTO `map_data` VALUES ('2010', '21', '0', '9', '0');
INSERT INTO `map_data` VALUES ('2011', '21', '1', '0', '0');
INSERT INTO `map_data` VALUES ('2012', '21', '1', '1', '0');
INSERT INTO `map_data` VALUES ('2013', '21', '1', '2', '0');
INSERT INTO `map_data` VALUES ('2014', '21', '1', '3', '1');
INSERT INTO `map_data` VALUES ('2015', '21', '1', '4', '1');
INSERT INTO `map_data` VALUES ('2016', '21', '1', '5', '1');
INSERT INTO `map_data` VALUES ('2017', '21', '1', '6', '1');
INSERT INTO `map_data` VALUES ('2018', '21', '1', '7', '0');
INSERT INTO `map_data` VALUES ('2019', '21', '1', '8', '0');
INSERT INTO `map_data` VALUES ('2020', '21', '1', '9', '0');
INSERT INTO `map_data` VALUES ('2021', '21', '2', '0', '0');
INSERT INTO `map_data` VALUES ('2022', '21', '2', '1', '0');
INSERT INTO `map_data` VALUES ('2023', '21', '2', '2', '1');
INSERT INTO `map_data` VALUES ('2024', '21', '2', '3', '1');
INSERT INTO `map_data` VALUES ('2025', '21', '2', '4', '0');
INSERT INTO `map_data` VALUES ('2026', '21', '2', '5', '0');
INSERT INTO `map_data` VALUES ('2027', '21', '2', '6', '1');
INSERT INTO `map_data` VALUES ('2028', '21', '2', '7', '1');
INSERT INTO `map_data` VALUES ('2029', '21', '2', '8', '0');
INSERT INTO `map_data` VALUES ('2030', '21', '2', '9', '0');
INSERT INTO `map_data` VALUES ('2031', '21', '3', '0', '0');
INSERT INTO `map_data` VALUES ('2032', '21', '3', '1', '1');
INSERT INTO `map_data` VALUES ('2033', '21', '3', '2', '1');
INSERT INTO `map_data` VALUES ('2034', '21', '3', '3', '0');
INSERT INTO `map_data` VALUES ('2035', '21', '3', '4', '0');
INSERT INTO `map_data` VALUES ('2036', '21', '3', '5', '0');
INSERT INTO `map_data` VALUES ('2037', '21', '3', '6', '0');
INSERT INTO `map_data` VALUES ('2038', '21', '3', '7', '1');
INSERT INTO `map_data` VALUES ('2039', '21', '3', '8', '0');
INSERT INTO `map_data` VALUES ('2040', '21', '3', '9', '0');
INSERT INTO `map_data` VALUES ('2041', '21', '4', '0', '0');
INSERT INTO `map_data` VALUES ('2042', '21', '4', '1', '1');
INSERT INTO `map_data` VALUES ('2043', '21', '4', '2', '0');
INSERT INTO `map_data` VALUES ('2044', '21', '4', '3', '4');
INSERT INTO `map_data` VALUES ('2045', '21', '4', '4', '0');
INSERT INTO `map_data` VALUES ('2046', '21', '4', '5', '4');
INSERT INTO `map_data` VALUES ('2047', '21', '4', '6', '3');
INSERT INTO `map_data` VALUES ('2048', '21', '4', '7', '1');
INSERT INTO `map_data` VALUES ('2049', '21', '4', '8', '1');
INSERT INTO `map_data` VALUES ('2050', '21', '4', '9', '0');
INSERT INTO `map_data` VALUES ('2051', '21', '5', '0', '0');
INSERT INTO `map_data` VALUES ('2052', '21', '5', '1', '1');
INSERT INTO `map_data` VALUES ('2053', '21', '5', '2', '0');
INSERT INTO `map_data` VALUES ('2054', '21', '5', '3', '0');
INSERT INTO `map_data` VALUES ('2055', '21', '5', '4', '3');
INSERT INTO `map_data` VALUES ('2056', '21', '5', '5', '2');
INSERT INTO `map_data` VALUES ('2057', '21', '5', '6', '0');
INSERT INTO `map_data` VALUES ('2058', '21', '5', '7', '0');
INSERT INTO `map_data` VALUES ('2059', '21', '5', '8', '1');
INSERT INTO `map_data` VALUES ('2060', '21', '5', '9', '0');
INSERT INTO `map_data` VALUES ('2061', '21', '6', '0', '0');
INSERT INTO `map_data` VALUES ('2062', '21', '6', '1', '1');
INSERT INTO `map_data` VALUES ('2063', '21', '6', '2', '1');
INSERT INTO `map_data` VALUES ('2064', '21', '6', '3', '1');
INSERT INTO `map_data` VALUES ('2065', '21', '6', '4', '1');
INSERT INTO `map_data` VALUES ('2066', '21', '6', '5', '7');
INSERT INTO `map_data` VALUES ('2067', '21', '6', '6', '1');
INSERT INTO `map_data` VALUES ('2068', '21', '6', '7', '0');
INSERT INTO `map_data` VALUES ('2069', '21', '6', '8', '1');
INSERT INTO `map_data` VALUES ('2070', '21', '6', '9', '0');
INSERT INTO `map_data` VALUES ('2071', '21', '7', '0', '0');
INSERT INTO `map_data` VALUES ('2072', '21', '7', '1', '0');
INSERT INTO `map_data` VALUES ('2073', '21', '7', '2', '0');
INSERT INTO `map_data` VALUES ('2074', '21', '7', '3', '0');
INSERT INTO `map_data` VALUES ('2075', '21', '7', '4', '1');
INSERT INTO `map_data` VALUES ('2076', '21', '7', '5', '0');
INSERT INTO `map_data` VALUES ('2077', '21', '7', '6', '0');
INSERT INTO `map_data` VALUES ('2078', '21', '7', '7', '0');
INSERT INTO `map_data` VALUES ('2079', '21', '7', '8', '1');
INSERT INTO `map_data` VALUES ('2080', '21', '7', '9', '0');
INSERT INTO `map_data` VALUES ('2081', '21', '8', '0', '0');
INSERT INTO `map_data` VALUES ('2082', '21', '8', '1', '0');
INSERT INTO `map_data` VALUES ('2083', '21', '8', '2', '0');
INSERT INTO `map_data` VALUES ('2084', '21', '8', '3', '0');
INSERT INTO `map_data` VALUES ('2085', '21', '8', '4', '1');
INSERT INTO `map_data` VALUES ('2086', '21', '8', '5', '1');
INSERT INTO `map_data` VALUES ('2087', '21', '8', '6', '1');
INSERT INTO `map_data` VALUES ('2088', '21', '8', '7', '1');
INSERT INTO `map_data` VALUES ('2089', '21', '8', '8', '1');
INSERT INTO `map_data` VALUES ('2090', '21', '8', '9', '0');
INSERT INTO `map_data` VALUES ('2091', '21', '9', '0', '0');
INSERT INTO `map_data` VALUES ('2092', '21', '9', '1', '0');
INSERT INTO `map_data` VALUES ('2093', '21', '9', '2', '0');
INSERT INTO `map_data` VALUES ('2094', '21', '9', '3', '0');
INSERT INTO `map_data` VALUES ('2095', '21', '9', '4', '0');
INSERT INTO `map_data` VALUES ('2096', '21', '9', '5', '0');
INSERT INTO `map_data` VALUES ('2097', '21', '9', '6', '0');
INSERT INTO `map_data` VALUES ('2098', '21', '9', '7', '0');
INSERT INTO `map_data` VALUES ('2099', '21', '9', '8', '0');
INSERT INTO `map_data` VALUES ('2100', '21', '9', '9', '0');
INSERT INTO `map_data` VALUES ('2101', '22', '0', '0', '0');
INSERT INTO `map_data` VALUES ('2102', '22', '0', '1', '0');
INSERT INTO `map_data` VALUES ('2103', '22', '0', '2', '0');
INSERT INTO `map_data` VALUES ('2104', '22', '0', '3', '0');
INSERT INTO `map_data` VALUES ('2105', '22', '0', '4', '0');
INSERT INTO `map_data` VALUES ('2106', '22', '0', '5', '0');
INSERT INTO `map_data` VALUES ('2107', '22', '0', '6', '0');
INSERT INTO `map_data` VALUES ('2108', '22', '0', '7', '0');
INSERT INTO `map_data` VALUES ('2109', '22', '0', '8', '0');
INSERT INTO `map_data` VALUES ('2110', '22', '0', '9', '0');
INSERT INTO `map_data` VALUES ('2111', '22', '1', '0', '0');
INSERT INTO `map_data` VALUES ('2112', '22', '1', '1', '1');
INSERT INTO `map_data` VALUES ('2113', '22', '1', '2', '1');
INSERT INTO `map_data` VALUES ('2114', '22', '1', '3', '1');
INSERT INTO `map_data` VALUES ('2115', '22', '1', '4', '1');
INSERT INTO `map_data` VALUES ('2116', '22', '1', '5', '1');
INSERT INTO `map_data` VALUES ('2117', '22', '1', '6', '1');
INSERT INTO `map_data` VALUES ('2118', '22', '1', '7', '1');
INSERT INTO `map_data` VALUES ('2119', '22', '1', '8', '0');
INSERT INTO `map_data` VALUES ('2120', '22', '1', '9', '0');
INSERT INTO `map_data` VALUES ('2121', '22', '2', '0', '0');
INSERT INTO `map_data` VALUES ('2122', '22', '2', '1', '1');
INSERT INTO `map_data` VALUES ('2123', '22', '2', '2', '0');
INSERT INTO `map_data` VALUES ('2124', '22', '2', '3', '4');
INSERT INTO `map_data` VALUES ('2125', '22', '2', '4', '0');
INSERT INTO `map_data` VALUES ('2126', '22', '2', '5', '7');
INSERT INTO `map_data` VALUES ('2127', '22', '2', '6', '0');
INSERT INTO `map_data` VALUES ('2128', '22', '2', '7', '1');
INSERT INTO `map_data` VALUES ('2129', '22', '2', '8', '0');
INSERT INTO `map_data` VALUES ('2130', '22', '2', '9', '0');
INSERT INTO `map_data` VALUES ('2131', '22', '3', '0', '0');
INSERT INTO `map_data` VALUES ('2132', '22', '3', '1', '1');
INSERT INTO `map_data` VALUES ('2133', '22', '3', '2', '0');
INSERT INTO `map_data` VALUES ('2134', '22', '3', '3', '0');
INSERT INTO `map_data` VALUES ('2135', '22', '3', '4', '1');
INSERT INTO `map_data` VALUES ('2136', '22', '3', '5', '0');
INSERT INTO `map_data` VALUES ('2137', '22', '3', '6', '0');
INSERT INTO `map_data` VALUES ('2138', '22', '3', '7', '1');
INSERT INTO `map_data` VALUES ('2139', '22', '3', '8', '0');
INSERT INTO `map_data` VALUES ('2140', '22', '3', '9', '0');
INSERT INTO `map_data` VALUES ('2141', '22', '4', '0', '0');
INSERT INTO `map_data` VALUES ('2142', '22', '4', '1', '1');
INSERT INTO `map_data` VALUES ('2143', '22', '4', '2', '2');
INSERT INTO `map_data` VALUES ('2144', '22', '4', '3', '3');
INSERT INTO `map_data` VALUES ('2145', '22', '4', '4', '7');
INSERT INTO `map_data` VALUES ('2146', '22', '4', '5', '0');
INSERT INTO `map_data` VALUES ('2147', '22', '4', '6', '0');
INSERT INTO `map_data` VALUES ('2148', '22', '4', '7', '1');
INSERT INTO `map_data` VALUES ('2149', '22', '4', '8', '0');
INSERT INTO `map_data` VALUES ('2150', '22', '4', '9', '0');
INSERT INTO `map_data` VALUES ('2151', '22', '5', '0', '0');
INSERT INTO `map_data` VALUES ('2152', '22', '5', '1', '1');
INSERT INTO `map_data` VALUES ('2153', '22', '5', '2', '1');
INSERT INTO `map_data` VALUES ('2154', '22', '5', '3', '0');
INSERT INTO `map_data` VALUES ('2155', '22', '5', '4', '0');
INSERT INTO `map_data` VALUES ('2156', '22', '5', '5', '0');
INSERT INTO `map_data` VALUES ('2157', '22', '5', '6', '1');
INSERT INTO `map_data` VALUES ('2158', '22', '5', '7', '1');
INSERT INTO `map_data` VALUES ('2159', '22', '5', '8', '0');
INSERT INTO `map_data` VALUES ('2160', '22', '5', '9', '0');
INSERT INTO `map_data` VALUES ('2161', '22', '6', '0', '0');
INSERT INTO `map_data` VALUES ('2162', '22', '6', '1', '0');
INSERT INTO `map_data` VALUES ('2163', '22', '6', '2', '1');
INSERT INTO `map_data` VALUES ('2164', '22', '6', '3', '0');
INSERT INTO `map_data` VALUES ('2165', '22', '6', '4', '0');
INSERT INTO `map_data` VALUES ('2166', '22', '6', '5', '0');
INSERT INTO `map_data` VALUES ('2167', '22', '6', '6', '1');
INSERT INTO `map_data` VALUES ('2168', '22', '6', '7', '0');
INSERT INTO `map_data` VALUES ('2169', '22', '6', '8', '0');
INSERT INTO `map_data` VALUES ('2170', '22', '6', '9', '0');
INSERT INTO `map_data` VALUES ('2171', '22', '7', '0', '0');
INSERT INTO `map_data` VALUES ('2172', '22', '7', '1', '0');
INSERT INTO `map_data` VALUES ('2173', '22', '7', '2', '1');
INSERT INTO `map_data` VALUES ('2174', '22', '7', '3', '1');
INSERT INTO `map_data` VALUES ('2175', '22', '7', '4', '1');
INSERT INTO `map_data` VALUES ('2176', '22', '7', '5', '1');
INSERT INTO `map_data` VALUES ('2177', '22', '7', '6', '1');
INSERT INTO `map_data` VALUES ('2178', '22', '7', '7', '0');
INSERT INTO `map_data` VALUES ('2179', '22', '7', '8', '0');
INSERT INTO `map_data` VALUES ('2180', '22', '7', '9', '0');
INSERT INTO `map_data` VALUES ('2181', '22', '8', '0', '0');
INSERT INTO `map_data` VALUES ('2182', '22', '8', '1', '0');
INSERT INTO `map_data` VALUES ('2183', '22', '8', '2', '0');
INSERT INTO `map_data` VALUES ('2184', '22', '8', '3', '0');
INSERT INTO `map_data` VALUES ('2185', '22', '8', '4', '0');
INSERT INTO `map_data` VALUES ('2186', '22', '8', '5', '0');
INSERT INTO `map_data` VALUES ('2187', '22', '8', '6', '0');
INSERT INTO `map_data` VALUES ('2188', '22', '8', '7', '0');
INSERT INTO `map_data` VALUES ('2189', '22', '8', '8', '0');
INSERT INTO `map_data` VALUES ('2190', '22', '8', '9', '0');
INSERT INTO `map_data` VALUES ('2191', '22', '9', '0', '0');
INSERT INTO `map_data` VALUES ('2192', '22', '9', '1', '0');
INSERT INTO `map_data` VALUES ('2193', '22', '9', '2', '0');
INSERT INTO `map_data` VALUES ('2194', '22', '9', '3', '0');
INSERT INTO `map_data` VALUES ('2195', '22', '9', '4', '0');
INSERT INTO `map_data` VALUES ('2196', '22', '9', '5', '0');
INSERT INTO `map_data` VALUES ('2197', '22', '9', '6', '0');
INSERT INTO `map_data` VALUES ('2198', '22', '9', '7', '0');
INSERT INTO `map_data` VALUES ('2199', '22', '9', '8', '0');
INSERT INTO `map_data` VALUES ('2200', '22', '9', '9', '0');
INSERT INTO `map_data` VALUES ('2201', '23', '0', '0', '0');
INSERT INTO `map_data` VALUES ('2202', '23', '0', '1', '0');
INSERT INTO `map_data` VALUES ('2203', '23', '0', '2', '0');
INSERT INTO `map_data` VALUES ('2204', '23', '0', '3', '0');
INSERT INTO `map_data` VALUES ('2205', '23', '0', '4', '0');
INSERT INTO `map_data` VALUES ('2206', '23', '0', '5', '0');
INSERT INTO `map_data` VALUES ('2207', '23', '0', '6', '0');
INSERT INTO `map_data` VALUES ('2208', '23', '0', '7', '0');
INSERT INTO `map_data` VALUES ('2209', '23', '0', '8', '0');
INSERT INTO `map_data` VALUES ('2210', '23', '0', '9', '0');
INSERT INTO `map_data` VALUES ('2211', '23', '1', '0', '0');
INSERT INTO `map_data` VALUES ('2212', '23', '1', '1', '1');
INSERT INTO `map_data` VALUES ('2213', '23', '1', '2', '1');
INSERT INTO `map_data` VALUES ('2214', '23', '1', '3', '1');
INSERT INTO `map_data` VALUES ('2215', '23', '1', '4', '1');
INSERT INTO `map_data` VALUES ('2216', '23', '1', '5', '1');
INSERT INTO `map_data` VALUES ('2217', '23', '1', '6', '1');
INSERT INTO `map_data` VALUES ('2218', '23', '1', '7', '1');
INSERT INTO `map_data` VALUES ('2219', '23', '1', '8', '1');
INSERT INTO `map_data` VALUES ('2220', '23', '1', '9', '0');
INSERT INTO `map_data` VALUES ('2221', '23', '2', '0', '0');
INSERT INTO `map_data` VALUES ('2222', '23', '2', '1', '1');
INSERT INTO `map_data` VALUES ('2223', '23', '2', '2', '0');
INSERT INTO `map_data` VALUES ('2224', '23', '2', '3', '0');
INSERT INTO `map_data` VALUES ('2225', '23', '2', '4', '0');
INSERT INTO `map_data` VALUES ('2226', '23', '2', '5', '1');
INSERT INTO `map_data` VALUES ('2227', '23', '2', '6', '0');
INSERT INTO `map_data` VALUES ('2228', '23', '2', '7', '0');
INSERT INTO `map_data` VALUES ('2229', '23', '2', '8', '1');
INSERT INTO `map_data` VALUES ('2230', '23', '2', '9', '0');
INSERT INTO `map_data` VALUES ('2231', '23', '3', '0', '0');
INSERT INTO `map_data` VALUES ('2232', '23', '3', '1', '1');
INSERT INTO `map_data` VALUES ('2233', '23', '3', '2', '0');
INSERT INTO `map_data` VALUES ('2234', '23', '3', '3', '2');
INSERT INTO `map_data` VALUES ('2235', '23', '3', '4', '0');
INSERT INTO `map_data` VALUES ('2236', '23', '3', '5', '0');
INSERT INTO `map_data` VALUES ('2237', '23', '3', '6', '3');
INSERT INTO `map_data` VALUES ('2238', '23', '3', '7', '0');
INSERT INTO `map_data` VALUES ('2239', '23', '3', '8', '1');
INSERT INTO `map_data` VALUES ('2240', '23', '3', '9', '0');
INSERT INTO `map_data` VALUES ('2241', '23', '4', '0', '0');
INSERT INTO `map_data` VALUES ('2242', '23', '4', '1', '1');
INSERT INTO `map_data` VALUES ('2243', '23', '4', '2', '1');
INSERT INTO `map_data` VALUES ('2244', '23', '4', '3', '3');
INSERT INTO `map_data` VALUES ('2245', '23', '4', '4', '1');
INSERT INTO `map_data` VALUES ('2246', '23', '4', '5', '1');
INSERT INTO `map_data` VALUES ('2247', '23', '4', '6', '4');
INSERT INTO `map_data` VALUES ('2248', '23', '4', '7', '4');
INSERT INTO `map_data` VALUES ('2249', '23', '4', '8', '1');
INSERT INTO `map_data` VALUES ('2250', '23', '4', '9', '0');
INSERT INTO `map_data` VALUES ('2251', '23', '5', '0', '0');
INSERT INTO `map_data` VALUES ('2252', '23', '5', '1', '0');
INSERT INTO `map_data` VALUES ('2253', '23', '5', '2', '1');
INSERT INTO `map_data` VALUES ('2254', '23', '5', '3', '0');
INSERT INTO `map_data` VALUES ('2255', '23', '5', '4', '4');
INSERT INTO `map_data` VALUES ('2256', '23', '5', '5', '1');
INSERT INTO `map_data` VALUES ('2257', '23', '5', '6', '0');
INSERT INTO `map_data` VALUES ('2258', '23', '5', '7', '0');
INSERT INTO `map_data` VALUES ('2259', '23', '5', '8', '1');
INSERT INTO `map_data` VALUES ('2260', '23', '5', '9', '0');
INSERT INTO `map_data` VALUES ('2261', '23', '6', '0', '0');
INSERT INTO `map_data` VALUES ('2262', '23', '6', '1', '0');
INSERT INTO `map_data` VALUES ('2263', '23', '6', '2', '1');
INSERT INTO `map_data` VALUES ('2264', '23', '6', '3', '3');
INSERT INTO `map_data` VALUES ('2265', '23', '6', '4', '0');
INSERT INTO `map_data` VALUES ('2266', '23', '6', '5', '0');
INSERT INTO `map_data` VALUES ('2267', '23', '6', '6', '0');
INSERT INTO `map_data` VALUES ('2268', '23', '6', '7', '0');
INSERT INTO `map_data` VALUES ('2269', '23', '6', '8', '1');
INSERT INTO `map_data` VALUES ('2270', '23', '6', '9', '0');
INSERT INTO `map_data` VALUES ('2271', '23', '7', '0', '0');
INSERT INTO `map_data` VALUES ('2272', '23', '7', '1', '0');
INSERT INTO `map_data` VALUES ('2273', '23', '7', '2', '1');
INSERT INTO `map_data` VALUES ('2274', '23', '7', '3', '0');
INSERT INTO `map_data` VALUES ('2275', '23', '7', '4', '0');
INSERT INTO `map_data` VALUES ('2276', '23', '7', '5', '1');
INSERT INTO `map_data` VALUES ('2277', '23', '7', '6', '1');
INSERT INTO `map_data` VALUES ('2278', '23', '7', '7', '1');
INSERT INTO `map_data` VALUES ('2279', '23', '7', '8', '1');
INSERT INTO `map_data` VALUES ('2280', '23', '7', '9', '0');
INSERT INTO `map_data` VALUES ('2281', '23', '8', '0', '0');
INSERT INTO `map_data` VALUES ('2282', '23', '8', '1', '0');
INSERT INTO `map_data` VALUES ('2283', '23', '8', '2', '1');
INSERT INTO `map_data` VALUES ('2284', '23', '8', '3', '1');
INSERT INTO `map_data` VALUES ('2285', '23', '8', '4', '1');
INSERT INTO `map_data` VALUES ('2286', '23', '8', '5', '1');
INSERT INTO `map_data` VALUES ('2287', '23', '8', '6', '0');
INSERT INTO `map_data` VALUES ('2288', '23', '8', '7', '0');
INSERT INTO `map_data` VALUES ('2289', '23', '8', '8', '0');
INSERT INTO `map_data` VALUES ('2290', '23', '8', '9', '0');
INSERT INTO `map_data` VALUES ('2291', '23', '9', '0', '0');
INSERT INTO `map_data` VALUES ('2292', '23', '9', '1', '0');
INSERT INTO `map_data` VALUES ('2293', '23', '9', '2', '0');
INSERT INTO `map_data` VALUES ('2294', '23', '9', '3', '0');
INSERT INTO `map_data` VALUES ('2295', '23', '9', '4', '0');
INSERT INTO `map_data` VALUES ('2296', '23', '9', '5', '0');
INSERT INTO `map_data` VALUES ('2297', '23', '9', '6', '0');
INSERT INTO `map_data` VALUES ('2298', '23', '9', '7', '0');
INSERT INTO `map_data` VALUES ('2299', '23', '9', '8', '0');
INSERT INTO `map_data` VALUES ('2300', '23', '9', '9', '0');
INSERT INTO `map_data` VALUES ('2301', '24', '0', '0', '0');
INSERT INTO `map_data` VALUES ('2302', '24', '0', '1', '0');
INSERT INTO `map_data` VALUES ('2303', '24', '0', '2', '0');
INSERT INTO `map_data` VALUES ('2304', '24', '0', '3', '0');
INSERT INTO `map_data` VALUES ('2305', '24', '0', '4', '0');
INSERT INTO `map_data` VALUES ('2306', '24', '0', '5', '0');
INSERT INTO `map_data` VALUES ('2307', '24', '0', '6', '0');
INSERT INTO `map_data` VALUES ('2308', '24', '0', '7', '0');
INSERT INTO `map_data` VALUES ('2309', '24', '0', '8', '0');
INSERT INTO `map_data` VALUES ('2310', '24', '0', '9', '0');
INSERT INTO `map_data` VALUES ('2311', '24', '1', '0', '0');
INSERT INTO `map_data` VALUES ('2312', '24', '1', '1', '1');
INSERT INTO `map_data` VALUES ('2313', '24', '1', '2', '1');
INSERT INTO `map_data` VALUES ('2314', '24', '1', '3', '1');
INSERT INTO `map_data` VALUES ('2315', '24', '1', '4', '1');
INSERT INTO `map_data` VALUES ('2316', '24', '1', '5', '1');
INSERT INTO `map_data` VALUES ('2317', '24', '1', '6', '0');
INSERT INTO `map_data` VALUES ('2318', '24', '1', '7', '0');
INSERT INTO `map_data` VALUES ('2319', '24', '1', '8', '0');
INSERT INTO `map_data` VALUES ('2320', '24', '1', '9', '0');
INSERT INTO `map_data` VALUES ('2321', '24', '2', '0', '0');
INSERT INTO `map_data` VALUES ('2322', '24', '2', '1', '1');
INSERT INTO `map_data` VALUES ('2323', '24', '2', '2', '2');
INSERT INTO `map_data` VALUES ('2324', '24', '2', '3', '0');
INSERT INTO `map_data` VALUES ('2325', '24', '2', '4', '0');
INSERT INTO `map_data` VALUES ('2326', '24', '2', '5', '1');
INSERT INTO `map_data` VALUES ('2327', '24', '2', '6', '1');
INSERT INTO `map_data` VALUES ('2328', '24', '2', '7', '1');
INSERT INTO `map_data` VALUES ('2329', '24', '2', '8', '1');
INSERT INTO `map_data` VALUES ('2330', '24', '2', '9', '1');
INSERT INTO `map_data` VALUES ('2331', '24', '3', '0', '0');
INSERT INTO `map_data` VALUES ('2332', '24', '3', '1', '1');
INSERT INTO `map_data` VALUES ('2333', '24', '3', '2', '0');
INSERT INTO `map_data` VALUES ('2334', '24', '3', '3', '1');
INSERT INTO `map_data` VALUES ('2335', '24', '3', '4', '3');
INSERT INTO `map_data` VALUES ('2336', '24', '3', '5', '0');
INSERT INTO `map_data` VALUES ('2337', '24', '3', '6', '4');
INSERT INTO `map_data` VALUES ('2338', '24', '3', '7', '0');
INSERT INTO `map_data` VALUES ('2339', '24', '3', '8', '0');
INSERT INTO `map_data` VALUES ('2340', '24', '3', '9', '1');
INSERT INTO `map_data` VALUES ('2341', '24', '4', '0', '0');
INSERT INTO `map_data` VALUES ('2342', '24', '4', '1', '1');
INSERT INTO `map_data` VALUES ('2343', '24', '4', '2', '0');
INSERT INTO `map_data` VALUES ('2344', '24', '4', '3', '0');
INSERT INTO `map_data` VALUES ('2345', '24', '4', '4', '0');
INSERT INTO `map_data` VALUES ('2346', '24', '4', '5', '0');
INSERT INTO `map_data` VALUES ('2347', '24', '4', '6', '4');
INSERT INTO `map_data` VALUES ('2348', '24', '4', '7', '1');
INSERT INTO `map_data` VALUES ('2349', '24', '4', '8', '0');
INSERT INTO `map_data` VALUES ('2350', '24', '4', '9', '1');
INSERT INTO `map_data` VALUES ('2351', '24', '5', '0', '0');
INSERT INTO `map_data` VALUES ('2352', '24', '5', '1', '1');
INSERT INTO `map_data` VALUES ('2353', '24', '5', '2', '1');
INSERT INTO `map_data` VALUES ('2354', '24', '5', '3', '0');
INSERT INTO `map_data` VALUES ('2355', '24', '5', '4', '3');
INSERT INTO `map_data` VALUES ('2356', '24', '5', '5', '1');
INSERT INTO `map_data` VALUES ('2357', '24', '5', '6', '4');
INSERT INTO `map_data` VALUES ('2358', '24', '5', '7', '3');
INSERT INTO `map_data` VALUES ('2359', '24', '5', '8', '0');
INSERT INTO `map_data` VALUES ('2360', '24', '5', '9', '1');
INSERT INTO `map_data` VALUES ('2361', '24', '6', '0', '0');
INSERT INTO `map_data` VALUES ('2362', '24', '6', '1', '0');
INSERT INTO `map_data` VALUES ('2363', '24', '6', '2', '1');
INSERT INTO `map_data` VALUES ('2364', '24', '6', '3', '1');
INSERT INTO `map_data` VALUES ('2365', '24', '6', '4', '0');
INSERT INTO `map_data` VALUES ('2366', '24', '6', '5', '0');
INSERT INTO `map_data` VALUES ('2367', '24', '6', '6', '0');
INSERT INTO `map_data` VALUES ('2368', '24', '6', '7', '1');
INSERT INTO `map_data` VALUES ('2369', '24', '6', '8', '1');
INSERT INTO `map_data` VALUES ('2370', '24', '6', '9', '1');
INSERT INTO `map_data` VALUES ('2371', '24', '7', '0', '0');
INSERT INTO `map_data` VALUES ('2372', '24', '7', '1', '0');
INSERT INTO `map_data` VALUES ('2373', '24', '7', '2', '0');
INSERT INTO `map_data` VALUES ('2374', '24', '7', '3', '1');
INSERT INTO `map_data` VALUES ('2375', '24', '7', '4', '1');
INSERT INTO `map_data` VALUES ('2376', '24', '7', '5', '1');
INSERT INTO `map_data` VALUES ('2377', '24', '7', '6', '1');
INSERT INTO `map_data` VALUES ('2378', '24', '7', '7', '1');
INSERT INTO `map_data` VALUES ('2379', '24', '7', '8', '0');
INSERT INTO `map_data` VALUES ('2380', '24', '7', '9', '0');
INSERT INTO `map_data` VALUES ('2381', '24', '8', '0', '0');
INSERT INTO `map_data` VALUES ('2382', '24', '8', '1', '0');
INSERT INTO `map_data` VALUES ('2383', '24', '8', '2', '0');
INSERT INTO `map_data` VALUES ('2384', '24', '8', '3', '0');
INSERT INTO `map_data` VALUES ('2385', '24', '8', '4', '0');
INSERT INTO `map_data` VALUES ('2386', '24', '8', '5', '0');
INSERT INTO `map_data` VALUES ('2387', '24', '8', '6', '0');
INSERT INTO `map_data` VALUES ('2388', '24', '8', '7', '0');
INSERT INTO `map_data` VALUES ('2389', '24', '8', '8', '0');
INSERT INTO `map_data` VALUES ('2390', '24', '8', '9', '0');
INSERT INTO `map_data` VALUES ('2391', '24', '9', '0', '0');
INSERT INTO `map_data` VALUES ('2392', '24', '9', '1', '0');
INSERT INTO `map_data` VALUES ('2393', '24', '9', '2', '0');
INSERT INTO `map_data` VALUES ('2394', '24', '9', '3', '0');
INSERT INTO `map_data` VALUES ('2395', '24', '9', '4', '0');
INSERT INTO `map_data` VALUES ('2396', '24', '9', '5', '0');
INSERT INTO `map_data` VALUES ('2397', '24', '9', '6', '0');
INSERT INTO `map_data` VALUES ('2398', '24', '9', '7', '0');
INSERT INTO `map_data` VALUES ('2399', '24', '9', '8', '0');
INSERT INTO `map_data` VALUES ('2400', '24', '9', '9', '0');
INSERT INTO `map_data` VALUES ('2401', '25', '0', '0', '0');
INSERT INTO `map_data` VALUES ('2402', '25', '0', '1', '0');
INSERT INTO `map_data` VALUES ('2403', '25', '0', '2', '0');
INSERT INTO `map_data` VALUES ('2404', '25', '0', '3', '0');
INSERT INTO `map_data` VALUES ('2405', '25', '0', '4', '0');
INSERT INTO `map_data` VALUES ('2406', '25', '0', '5', '0');
INSERT INTO `map_data` VALUES ('2407', '25', '0', '6', '0');
INSERT INTO `map_data` VALUES ('2408', '25', '0', '7', '0');
INSERT INTO `map_data` VALUES ('2409', '25', '0', '8', '0');
INSERT INTO `map_data` VALUES ('2410', '25', '0', '9', '0');
INSERT INTO `map_data` VALUES ('2411', '25', '1', '0', '0');
INSERT INTO `map_data` VALUES ('2412', '25', '1', '1', '1');
INSERT INTO `map_data` VALUES ('2413', '25', '1', '2', '1');
INSERT INTO `map_data` VALUES ('2414', '25', '1', '3', '1');
INSERT INTO `map_data` VALUES ('2415', '25', '1', '4', '1');
INSERT INTO `map_data` VALUES ('2416', '25', '1', '5', '1');
INSERT INTO `map_data` VALUES ('2417', '25', '1', '6', '1');
INSERT INTO `map_data` VALUES ('2418', '25', '1', '7', '0');
INSERT INTO `map_data` VALUES ('2419', '25', '1', '8', '0');
INSERT INTO `map_data` VALUES ('2420', '25', '1', '9', '0');
INSERT INTO `map_data` VALUES ('2421', '25', '2', '0', '1');
INSERT INTO `map_data` VALUES ('2422', '25', '2', '1', '1');
INSERT INTO `map_data` VALUES ('2423', '25', '2', '2', '0');
INSERT INTO `map_data` VALUES ('2424', '25', '2', '3', '0');
INSERT INTO `map_data` VALUES ('2425', '25', '2', '4', '2');
INSERT INTO `map_data` VALUES ('2426', '25', '2', '5', '0');
INSERT INTO `map_data` VALUES ('2427', '25', '2', '6', '1');
INSERT INTO `map_data` VALUES ('2428', '25', '2', '7', '1');
INSERT INTO `map_data` VALUES ('2429', '25', '2', '8', '1');
INSERT INTO `map_data` VALUES ('2430', '25', '2', '9', '0');
INSERT INTO `map_data` VALUES ('2431', '25', '3', '0', '1');
INSERT INTO `map_data` VALUES ('2432', '25', '3', '1', '0');
INSERT INTO `map_data` VALUES ('2433', '25', '3', '2', '0');
INSERT INTO `map_data` VALUES ('2434', '25', '3', '3', '3');
INSERT INTO `map_data` VALUES ('2435', '25', '3', '4', '4');
INSERT INTO `map_data` VALUES ('2436', '25', '3', '5', '3');
INSERT INTO `map_data` VALUES ('2437', '25', '3', '6', '0');
INSERT INTO `map_data` VALUES ('2438', '25', '3', '7', '0');
INSERT INTO `map_data` VALUES ('2439', '25', '3', '8', '1');
INSERT INTO `map_data` VALUES ('2440', '25', '3', '9', '0');
INSERT INTO `map_data` VALUES ('2441', '25', '4', '0', '1');
INSERT INTO `map_data` VALUES ('2442', '25', '4', '1', '0');
INSERT INTO `map_data` VALUES ('2443', '25', '4', '2', '3');
INSERT INTO `map_data` VALUES ('2444', '25', '4', '3', '4');
INSERT INTO `map_data` VALUES ('2445', '25', '4', '4', '3');
INSERT INTO `map_data` VALUES ('2446', '25', '4', '5', '4');
INSERT INTO `map_data` VALUES ('2447', '25', '4', '6', '3');
INSERT INTO `map_data` VALUES ('2448', '25', '4', '7', '0');
INSERT INTO `map_data` VALUES ('2449', '25', '4', '8', '1');
INSERT INTO `map_data` VALUES ('2450', '25', '4', '9', '0');
INSERT INTO `map_data` VALUES ('2451', '25', '5', '0', '1');
INSERT INTO `map_data` VALUES ('2452', '25', '5', '1', '1');
INSERT INTO `map_data` VALUES ('2453', '25', '5', '2', '4');
INSERT INTO `map_data` VALUES ('2454', '25', '5', '3', '3');
INSERT INTO `map_data` VALUES ('2455', '25', '5', '4', '4');
INSERT INTO `map_data` VALUES ('2456', '25', '5', '5', '3');
INSERT INTO `map_data` VALUES ('2457', '25', '5', '6', '4');
INSERT INTO `map_data` VALUES ('2458', '25', '5', '7', '1');
INSERT INTO `map_data` VALUES ('2459', '25', '5', '8', '1');
INSERT INTO `map_data` VALUES ('2460', '25', '5', '9', '0');
INSERT INTO `map_data` VALUES ('2461', '25', '6', '0', '0');
INSERT INTO `map_data` VALUES ('2462', '25', '6', '1', '1');
INSERT INTO `map_data` VALUES ('2463', '25', '6', '2', '0');
INSERT INTO `map_data` VALUES ('2464', '25', '6', '3', '4');
INSERT INTO `map_data` VALUES ('2465', '25', '6', '4', '3');
INSERT INTO `map_data` VALUES ('2466', '25', '6', '5', '4');
INSERT INTO `map_data` VALUES ('2467', '25', '6', '6', '0');
INSERT INTO `map_data` VALUES ('2468', '25', '6', '7', '1');
INSERT INTO `map_data` VALUES ('2469', '25', '6', '8', '0');
INSERT INTO `map_data` VALUES ('2470', '25', '6', '9', '0');
INSERT INTO `map_data` VALUES ('2471', '25', '7', '0', '0');
INSERT INTO `map_data` VALUES ('2472', '25', '7', '1', '1');
INSERT INTO `map_data` VALUES ('2473', '25', '7', '2', '1');
INSERT INTO `map_data` VALUES ('2474', '25', '7', '3', '0');
INSERT INTO `map_data` VALUES ('2475', '25', '7', '4', '0');
INSERT INTO `map_data` VALUES ('2476', '25', '7', '5', '0');
INSERT INTO `map_data` VALUES ('2477', '25', '7', '6', '1');
INSERT INTO `map_data` VALUES ('2478', '25', '7', '7', '1');
INSERT INTO `map_data` VALUES ('2479', '25', '7', '8', '0');
INSERT INTO `map_data` VALUES ('2480', '25', '7', '9', '0');
INSERT INTO `map_data` VALUES ('2481', '25', '8', '0', '0');
INSERT INTO `map_data` VALUES ('2482', '25', '8', '1', '0');
INSERT INTO `map_data` VALUES ('2483', '25', '8', '2', '1');
INSERT INTO `map_data` VALUES ('2484', '25', '8', '3', '1');
INSERT INTO `map_data` VALUES ('2485', '25', '8', '4', '1');
INSERT INTO `map_data` VALUES ('2486', '25', '8', '5', '1');
INSERT INTO `map_data` VALUES ('2487', '25', '8', '6', '1');
INSERT INTO `map_data` VALUES ('2488', '25', '8', '7', '0');
INSERT INTO `map_data` VALUES ('2489', '25', '8', '8', '0');
INSERT INTO `map_data` VALUES ('2490', '25', '8', '9', '0');
INSERT INTO `map_data` VALUES ('2491', '25', '9', '0', '0');
INSERT INTO `map_data` VALUES ('2492', '25', '9', '1', '0');
INSERT INTO `map_data` VALUES ('2493', '25', '9', '2', '0');
INSERT INTO `map_data` VALUES ('2494', '25', '9', '3', '0');
INSERT INTO `map_data` VALUES ('2495', '25', '9', '4', '0');
INSERT INTO `map_data` VALUES ('2496', '25', '9', '5', '0');
INSERT INTO `map_data` VALUES ('2497', '25', '9', '6', '0');
INSERT INTO `map_data` VALUES ('2498', '25', '9', '7', '0');
INSERT INTO `map_data` VALUES ('2499', '25', '9', '8', '0');
INSERT INTO `map_data` VALUES ('2500', '25', '9', '9', '0');

-- ----------------------------
-- Table structure for `users`
-- ----------------------------
DROP TABLE IF EXISTS `users`;
CREATE TABLE `users` (
  `user_id` int(11) NOT NULL AUTO_INCREMENT,
  `username` varchar(50) NOT NULL,
  `password` varchar(50) NOT NULL,
  `age` int(11) NOT NULL,
  `gender` char(10) NOT NULL,
  PRIMARY KEY (`user_id`)
) ENGINE=InnoDB AUTO_INCREMENT=232017301 DEFAULT CHARSET=utf8;

-- ----------------------------
-- Records of users
-- ----------------------------
INSERT INTO `users` VALUES ('1', '徐鑫瑶', '123456', '18', '男');
INSERT INTO `users` VALUES ('2', '2', '2', '2', '2');
INSERT INTO `users` VALUES ('23201728', '王高鹏', '123456', '19', '男');
INSERT INTO `users` VALUES ('23201729', '王建飞', '123456', '19', '男');
INSERT INTO `users` VALUES ('23201730', '王俊彬', '123456', '18', '男');
INSERT INTO `users` VALUES ('232017280', '王高鹏 ', '123456', '81', '女');
INSERT INTO `users` VALUES ('232017300', '第二个王俊彬', '123456', '18', '男');

-- ----------------------------
-- Table structure for `user_progress`
-- ----------------------------
DROP TABLE IF EXISTS `user_progress`;
CREATE TABLE `user_progress` (
  `progress_id` int(11) NOT NULL AUTO_INCREMENT,
  `user_id` int(11) NOT NULL,
  `num` int(11) NOT NULL,
  `completed` int(11) NOT NULL,
  `steps` int(11) NOT NULL,
  `state` int(11) NOT NULL,
  PRIMARY KEY (`progress_id`)
) ENGINE=InnoDB AUTO_INCREMENT=154 DEFAULT CHARSET=utf8;

-- ----------------------------
-- Records of user_progress
-- ----------------------------
INSERT INTO `user_progress` VALUES ('43', '1', '1', '0', '0', '0');
INSERT INTO `user_progress` VALUES ('44', '1', '2', '0', '0', '0');
INSERT INTO `user_progress` VALUES ('45', '1', '3', '0', '0', '0');
INSERT INTO `user_progress` VALUES ('46', '1', '4', '0', '0', '0');
INSERT INTO `user_progress` VALUES ('47', '1', '5', '0', '0', '0');
INSERT INTO `user_progress` VALUES ('48', '1', '6', '0', '0', '0');
INSERT INTO `user_progress` VALUES ('49', '1', '7', '0', '0', '0');
INSERT INTO `user_progress` VALUES ('50', '1', '8', '0', '0', '0');
INSERT INTO `user_progress` VALUES ('51', '1', '9', '0', '0', '0');
INSERT INTO `user_progress` VALUES ('52', '1', '10', '0', '0', '0');
INSERT INTO `user_progress` VALUES ('53', '1', '11', '0', '0', '0');
INSERT INTO `user_progress` VALUES ('54', '1', '12', '0', '0', '0');
INSERT INTO `user_progress` VALUES ('55', '1', '13', '0', '0', '0');
INSERT INTO `user_progress` VALUES ('56', '1', '14', '0', '0', '0');
INSERT INTO `user_progress` VALUES ('57', '1', '15', '0', '0', '0');
INSERT INTO `user_progress` VALUES ('58', '1', '16', '0', '0', '0');
INSERT INTO `user_progress` VALUES ('59', '1', '17', '0', '0', '0');
INSERT INTO `user_progress` VALUES ('60', '1', '18', '0', '0', '0');
INSERT INTO `user_progress` VALUES ('61', '23201730', '1', '0', '0', '0');
INSERT INTO `user_progress` VALUES ('62', '23201730', '2', '0', '0', '0');
INSERT INTO `user_progress` VALUES ('63', '23201730', '3', '0', '0', '0');
INSERT INTO `user_progress` VALUES ('64', '23201730', '4', '0', '0', '0');
INSERT INTO `user_progress` VALUES ('65', '23201730', '5', '0', '0', '0');
INSERT INTO `user_progress` VALUES ('66', '23201730', '6', '0', '0', '0');
INSERT INTO `user_progress` VALUES ('67', '23201730', '7', '0', '0', '0');
INSERT INTO `user_progress` VALUES ('68', '23201730', '8', '0', '0', '0');
INSERT INTO `user_progress` VALUES ('69', '23201730', '9', '0', '0', '0');
INSERT INTO `user_progress` VALUES ('70', '23201730', '10', '0', '0', '0');
INSERT INTO `user_progress` VALUES ('71', '23201730', '11', '0', '0', '0');
INSERT INTO `user_progress` VALUES ('72', '23201730', '12', '0', '0', '0');
INSERT INTO `user_progress` VALUES ('73', '23201730', '13', '0', '0', '0');
INSERT INTO `user_progress` VALUES ('74', '23201730', '14', '0', '0', '0');
INSERT INTO `user_progress` VALUES ('75', '23201730', '15', '0', '0', '0');
INSERT INTO `user_progress` VALUES ('76', '23201730', '16', '0', '0', '0');
INSERT INTO `user_progress` VALUES ('77', '23201730', '17', '0', '0', '0');
INSERT INTO `user_progress` VALUES ('78', '23201730', '18', '0', '0', '0');
INSERT INTO `user_progress` VALUES ('79', '23201729', '1', '0', '0', '0');
INSERT INTO `user_progress` VALUES ('80', '23201729', '2', '0', '0', '0');
INSERT INTO `user_progress` VALUES ('81', '23201729', '3', '0', '0', '0');
INSERT INTO `user_progress` VALUES ('82', '23201729', '4', '0', '0', '0');
INSERT INTO `user_progress` VALUES ('83', '23201729', '5', '0', '0', '0');
INSERT INTO `user_progress` VALUES ('84', '23201729', '6', '0', '0', '0');
INSERT INTO `user_progress` VALUES ('85', '23201729', '7', '0', '0', '0');
INSERT INTO `user_progress` VALUES ('86', '23201729', '8', '0', '0', '0');
INSERT INTO `user_progress` VALUES ('87', '23201729', '9', '0', '0', '0');
INSERT INTO `user_progress` VALUES ('88', '23201729', '10', '0', '0', '0');
INSERT INTO `user_progress` VALUES ('89', '23201729', '11', '0', '0', '0');
INSERT INTO `user_progress` VALUES ('90', '23201729', '12', '0', '0', '0');
INSERT INTO `user_progress` VALUES ('91', '23201729', '13', '0', '0', '0');
INSERT INTO `user_progress` VALUES ('92', '23201729', '14', '0', '0', '0');
INSERT INTO `user_progress` VALUES ('93', '23201729', '15', '0', '0', '0');
INSERT INTO `user_progress` VALUES ('94', '23201729', '16', '0', '0', '0');
INSERT INTO `user_progress` VALUES ('95', '23201729', '17', '0', '0', '0');
INSERT INTO `user_progress` VALUES ('96', '23201729', '18', '0', '0', '0');
INSERT INTO `user_progress` VALUES ('97', '23201729', '19', '0', '0', '0');
INSERT INTO `user_progress` VALUES ('98', '23201729', '20', '0', '0', '0');
INSERT INTO `user_progress` VALUES ('99', '23201729', '21', '0', '0', '0');
INSERT INTO `user_progress` VALUES ('100', '23201729', '22', '0', '0', '0');
INSERT INTO `user_progress` VALUES ('101', '23201729', '23', '0', '0', '0');
INSERT INTO `user_progress` VALUES ('102', '23201729', '24', '0', '0', '0');
INSERT INTO `user_progress` VALUES ('103', '23201729', '25', '0', '0', '0');
INSERT INTO `user_progress` VALUES ('104', '232017300', '1', '0', '0', '0');
INSERT INTO `user_progress` VALUES ('105', '232017300', '2', '0', '0', '0');
INSERT INTO `user_progress` VALUES ('106', '232017300', '3', '0', '0', '0');
INSERT INTO `user_progress` VALUES ('107', '232017300', '4', '0', '0', '0');
INSERT INTO `user_progress` VALUES ('108', '232017300', '5', '0', '0', '0');
INSERT INTO `user_progress` VALUES ('109', '232017300', '6', '0', '0', '0');
INSERT INTO `user_progress` VALUES ('110', '232017300', '7', '0', '0', '0');
INSERT INTO `user_progress` VALUES ('111', '232017300', '8', '0', '0', '0');
INSERT INTO `user_progress` VALUES ('112', '232017300', '9', '0', '0', '0');
INSERT INTO `user_progress` VALUES ('113', '232017300', '10', '0', '0', '0');
INSERT INTO `user_progress` VALUES ('114', '232017300', '11', '0', '0', '0');
INSERT INTO `user_progress` VALUES ('115', '232017300', '12', '0', '0', '0');
INSERT INTO `user_progress` VALUES ('116', '232017300', '13', '0', '0', '0');
INSERT INTO `user_progress` VALUES ('117', '232017300', '14', '0', '0', '0');
INSERT INTO `user_progress` VALUES ('118', '232017300', '15', '0', '0', '0');
INSERT INTO `user_progress` VALUES ('119', '232017300', '16', '0', '0', '0');
INSERT INTO `user_progress` VALUES ('120', '232017300', '17', '0', '0', '0');
INSERT INTO `user_progress` VALUES ('121', '232017300', '18', '0', '0', '0');
INSERT INTO `user_progress` VALUES ('122', '232017300', '19', '0', '0', '0');
INSERT INTO `user_progress` VALUES ('123', '232017300', '20', '0', '0', '0');
INSERT INTO `user_progress` VALUES ('124', '232017300', '21', '0', '0', '0');
INSERT INTO `user_progress` VALUES ('125', '232017300', '22', '0', '0', '0');
INSERT INTO `user_progress` VALUES ('126', '232017300', '23', '0', '0', '0');
INSERT INTO `user_progress` VALUES ('127', '232017300', '24', '0', '0', '0');
INSERT INTO `user_progress` VALUES ('128', '232017300', '25', '0', '0', '0');
INSERT INTO `user_progress` VALUES ('129', '232017280', '1', '0', '0', '0');
INSERT INTO `user_progress` VALUES ('130', '232017280', '2', '0', '0', '0');
INSERT INTO `user_progress` VALUES ('131', '232017280', '3', '0', '0', '0');
INSERT INTO `user_progress` VALUES ('132', '232017280', '4', '0', '0', '0');
INSERT INTO `user_progress` VALUES ('133', '232017280', '5', '0', '0', '0');
INSERT INTO `user_progress` VALUES ('134', '232017280', '6', '0', '0', '0');
INSERT INTO `user_progress` VALUES ('135', '232017280', '7', '0', '0', '0');
INSERT INTO `user_progress` VALUES ('136', '232017280', '8', '0', '0', '0');
INSERT INTO `user_progress` VALUES ('137', '232017280', '9', '0', '0', '0');
INSERT INTO `user_progress` VALUES ('138', '232017280', '10', '0', '0', '0');
INSERT INTO `user_progress` VALUES ('139', '232017280', '11', '0', '0', '0');
INSERT INTO `user_progress` VALUES ('140', '232017280', '12', '0', '0', '0');
INSERT INTO `user_progress` VALUES ('141', '232017280', '13', '0', '0', '0');
INSERT INTO `user_progress` VALUES ('142', '232017280', '14', '0', '0', '0');
INSERT INTO `user_progress` VALUES ('143', '232017280', '15', '0', '0', '0');
INSERT INTO `user_progress` VALUES ('144', '232017280', '16', '0', '0', '0');
INSERT INTO `user_progress` VALUES ('145', '232017280', '17', '0', '0', '0');
INSERT INTO `user_progress` VALUES ('146', '232017280', '18', '0', '0', '0');
INSERT INTO `user_progress` VALUES ('147', '232017280', '19', '0', '0', '0');
INSERT INTO `user_progress` VALUES ('148', '232017280', '20', '0', '0', '0');
INSERT INTO `user_progress` VALUES ('149', '232017280', '21', '0', '0', '0');
INSERT INTO `user_progress` VALUES ('150', '232017280', '22', '0', '0', '0');
INSERT INTO `user_progress` VALUES ('151', '232017280', '23', '0', '0', '0');
INSERT INTO `user_progress` VALUES ('152', '232017280', '24', '0', '0', '0');
INSERT INTO `user_progress` VALUES ('153', '232017280', '25', '0', '0', '0');

-- ----------------------------
-- Table structure for `user_records`
-- ----------------------------
DROP TABLE IF EXISTS `user_records`;
CREATE TABLE `user_records` (
  `id` int(11) NOT NULL AUTO_INCREMENT,
  `user_id` int(11) DEFAULT NULL,
  `username` varchar(50) DEFAULT NULL,
  `num` int(11) DEFAULT NULL,
  `completed` int(11) DEFAULT NULL,
  `steps` int(11) DEFAULT NULL,
  `record_time` timestamp NULL DEFAULT CURRENT_TIMESTAMP,
  `time` datetime DEFAULT NULL,
  PRIMARY KEY (`id`)
) ENGINE=InnoDB AUTO_INCREMENT=104 DEFAULT CHARSET=utf8;

-- ----------------------------
-- Records of user_records
-- ----------------------------
INSERT INTO `user_records` VALUES ('4', '23201728', '王高鹏', '4', '0', '2', '2024-07-17 20:16:55', '2024-07-17 20:16:58');
INSERT INTO `user_records` VALUES ('18', '23201728', '王高鹏', '1', '0', '161', '2024-07-18 09:06:54', '2024-07-18 09:06:54');
INSERT INTO `user_records` VALUES ('19', '23201728', '王高鹏', '1', '0', '97', '2024-07-18 09:28:22', '2024-07-18 09:28:22');
INSERT INTO `user_records` VALUES ('20', '23201728', '王高鹏', '4', '0', '27', '2024-07-18 09:29:29', '2024-07-18 09:29:29');
INSERT INTO `user_records` VALUES ('21', '23201728', '王高鹏', '1', '0', '97', '2024-07-18 09:32:17', '2024-07-18 09:32:17');
INSERT INTO `user_records` VALUES ('22', '23201728', '王高鹏', '1', '1', '89', '2024-07-18 09:42:05', '2024-07-18 09:42:05');
INSERT INTO `user_records` VALUES ('53', '23201728', '王高鹏', '4', '1', '1', '2024-07-18 22:25:17', '2024-07-18 22:25:17');
INSERT INTO `user_records` VALUES ('54', '23201728', '王高鹏', '1', '1', '87', '2024-07-18 22:28:23', '2024-07-18 22:28:23');
INSERT INTO `user_records` VALUES ('55', '23201728', '王高鹏', '1', '1', '88', '2024-07-18 22:29:27', '2024-07-18 22:29:28');
INSERT INTO `user_records` VALUES ('56', '23201728', '王高鹏', '1', '1', '87', '2024-07-18 22:52:54', '2024-07-18 22:52:54');
INSERT INTO `user_records` VALUES ('57', '1', '徐鑫瑶', '1', '1', '91', '2024-07-18 22:54:43', '2024-07-18 22:54:44');
INSERT INTO `user_records` VALUES ('58', '23201728', '王高鹏', '4', '1', '1', '2024-07-18 23:17:12', '2024-07-18 23:17:12');
INSERT INTO `user_records` VALUES ('59', '23201728', '王高鹏', '1', '1', '89', '2024-07-19 08:07:29', '2024-07-19 08:07:31');
INSERT INTO `user_records` VALUES ('60', '1', '徐鑫瑶', '4', '1', '1', '2024-07-19 09:01:20', '2024-07-19 09:01:20');
INSERT INTO `user_records` VALUES ('61', '1', '徐鑫瑶', '4', '1', '1', '2024-07-19 09:02:20', '2024-07-19 09:02:20');
INSERT INTO `user_records` VALUES ('62', '1', '徐鑫瑶', '13', '1', '84', '2024-07-19 09:23:30', '2024-07-19 09:23:30');
INSERT INTO `user_records` VALUES ('63', '1', '徐鑫瑶', '14', '1', '183', '2024-07-19 09:30:07', '2024-07-19 09:30:07');
INSERT INTO `user_records` VALUES ('64', '1', '徐鑫瑶', '16', '1', '93', '2024-07-19 09:52:20', '2024-07-19 09:52:20');
INSERT INTO `user_records` VALUES ('65', '23201728', '王高鹏', '2', '1', '117', '2024-07-19 09:55:42', '2024-07-19 09:55:44');
INSERT INTO `user_records` VALUES ('66', '23201728', '王高鹏', '2', '1', '121', '2024-07-19 10:01:05', '2024-07-19 10:01:07');
INSERT INTO `user_records` VALUES ('67', '1', '徐鑫瑶', '25', '1', '36', '2024-07-19 11:05:12', '2024-07-19 11:05:12');
INSERT INTO `user_records` VALUES ('68', '23201728', '王高鹏', '22', '1', '34', '2024-07-19 11:29:57', '2024-07-19 11:29:59');
INSERT INTO `user_records` VALUES ('69', '23201729', '王建飞', '4', '1', '1', '2024-07-19 11:30:59', '2024-07-19 11:31:03');
INSERT INTO `user_records` VALUES ('70', '23201728', '王高鹏', '22', '1', '44', '2024-07-19 11:38:37', '2024-07-19 11:38:39');
INSERT INTO `user_records` VALUES ('71', '23201728', '王高鹏', '22', '1', '44', '2024-07-19 11:39:06', '2024-07-19 11:39:08');
INSERT INTO `user_records` VALUES ('72', '23201729', '王建飞', '1', '1', '111', '2024-07-19 11:41:55', '2024-07-19 11:41:58');
INSERT INTO `user_records` VALUES ('73', '23201728', '王高鹏', '23', '1', '164', '2024-07-19 11:53:13', '2024-07-19 11:53:15');
INSERT INTO `user_records` VALUES ('74', '23201728', '王高鹏', '22', '1', '45', '2024-07-19 11:53:42', '2024-07-19 11:53:44');
INSERT INTO `user_records` VALUES ('75', '23201729', '王建飞', '13', '1', '114', '2024-07-19 11:54:27', '2024-07-19 11:54:30');
INSERT INTO `user_records` VALUES ('76', '23201730', '王俊彬', '8', '1', '42', '2024-07-19 11:55:30', '2024-07-19 11:55:30');
INSERT INTO `user_records` VALUES ('77', '1', '徐鑫瑶', '24', '1', '135', '2024-07-19 19:23:40', '2024-07-19 19:23:40');
INSERT INTO `user_records` VALUES ('78', '1', '徐鑫瑶', '24', '1', '95', '2024-07-19 19:25:04', '2024-07-19 19:25:04');
INSERT INTO `user_records` VALUES ('79', '1', '徐鑫瑶', '23', '1', '150', '2024-07-19 19:30:22', '2024-07-19 19:30:22');
INSERT INTO `user_records` VALUES ('80', '1', '徐鑫瑶', '22', '1', '62', '2024-07-19 19:33:04', '2024-07-19 19:33:04');
INSERT INTO `user_records` VALUES ('81', '1', '徐鑫瑶', '21', '1', '98', '2024-07-19 19:38:38', '2024-07-19 19:38:38');
INSERT INTO `user_records` VALUES ('82', '1', '徐鑫瑶', '21', '1', '98', '2024-07-19 19:39:39', '2024-07-19 19:39:39');
INSERT INTO `user_records` VALUES ('83', '1', '徐鑫瑶', '20', '1', '60', '2024-07-19 19:44:28', '2024-07-19 19:44:28');
INSERT INTO `user_records` VALUES ('84', '1', '徐鑫瑶', '19', '1', '121', '2024-07-19 19:54:04', '2024-07-19 19:54:04');
INSERT INTO `user_records` VALUES ('85', '23201728', '王高鹏', '3', '1', '102', '2024-07-19 19:55:14', '2024-07-19 19:55:17');
INSERT INTO `user_records` VALUES ('86', '23201728', '王高鹏', '3', '1', '84', '2024-07-19 20:01:54', '2024-07-19 20:01:56');
INSERT INTO `user_records` VALUES ('87', '23201729', '王建飞', '4', '1', '1', '2024-07-19 20:55:36', '2024-07-19 20:55:40');
INSERT INTO `user_records` VALUES ('88', '232017300', '第二个王俊彬', '4', '1', '1', '2024-07-20 15:06:55', '2024-07-20 15:07:01');
INSERT INTO `user_records` VALUES ('89', '232017300', '第二个王俊彬', '10', '1', '56', '2024-07-21 20:05:06', '2024-07-21 20:05:11');
INSERT INTO `user_records` VALUES ('90', '1', '徐鑫瑶', '1', '1', '143', '2024-07-21 20:17:16', '2024-07-21 20:17:16');
INSERT INTO `user_records` VALUES ('91', '232017280', '王高鹏 ', '4', '1', '1', '2024-07-21 20:18:18', '2024-07-21 20:18:22');
INSERT INTO `user_records` VALUES ('92', '23201728', '王高鹏', '4', '1', '1', '2024-07-21 20:18:56', '2024-07-21 20:18:56');
INSERT INTO `user_records` VALUES ('93', '232017280', '王高鹏 ', '25', '1', '52', '2024-07-21 20:21:17', '2024-07-21 20:21:19');
INSERT INTO `user_records` VALUES ('94', '1', '徐鑫瑶', '4', '1', '1', '2024-07-21 20:23:51', '2024-07-21 20:23:51');
INSERT INTO `user_records` VALUES ('95', '1', '徐鑫瑶', '1', '1', '113', '2024-07-21 20:25:29', '2024-07-21 20:25:29');
INSERT INTO `user_records` VALUES ('96', '1', '徐鑫瑶', '1', '1', '107', '2024-07-21 20:27:24', '2024-07-21 20:27:24');
INSERT INTO `user_records` VALUES ('97', '232017280', '王高鹏 ', '24', '1', '108', '2024-07-21 20:32:38', '2024-07-21 20:32:39');
INSERT INTO `user_records` VALUES ('98', '232017280', '王高鹏 ', '23', '1', '194', '2024-07-21 20:37:40', '2024-07-21 20:37:42');
INSERT INTO `user_records` VALUES ('99', '232017280', '王高鹏 ', '22', '1', '56', '2024-07-21 20:40:08', '2024-07-21 20:40:10');
INSERT INTO `user_records` VALUES ('100', '23201728', '王高鹏', '8', '1', '48', '2024-07-21 20:42:57', '2024-07-21 20:42:57');
INSERT INTO `user_records` VALUES ('101', '232017280', '王高鹏 ', '20', '1', '60', '2024-07-21 20:52:37', '2024-07-21 20:52:39');
INSERT INTO `user_records` VALUES ('102', '23201728', '王高鹏', '4', '1', '1', '2024-07-24 12:54:30', '2024-07-24 12:54:30');
INSERT INTO `user_records` VALUES ('103', '23201728', '王高鹏', '4', '1', '1', '2024-07-24 13:28:27', '2024-07-24 13:28:27');
